SET search_path TO lbaw2425;
--------------------------------------------
-- R02 PROFILE PICTURES --------------------
--------------------------------------------

INSERT INTO picture (id, img_path)
VALUES 
-- Profile pictures
(1, 'image_0000000001.png'),
(2, 'image_0000000002.png'),
(3, 'image_0000000003.png'),
(4, 'image_0000000004.png'),
(5, 'image_0000000005.png'),
(6, 'image_0000000006.png'),
(7, 'image_0000000007.png'),
(8, 'image_0000000008.png'),
(9, 'image_0000000009.png'),
(10, 'image_0000000010.png'),
(11, 'image_0000000011.png'),
(12, 'image_0000000012.png'),
(13, 'image_0000000013.png'),
(14, 'image_0000000014.png'),
(15, 'image_0000000015.png'),
(16, 'image_0000000016.png'),
(17, 'image_0000000017.png'),
(18, 'image_0000000018.png'),
(19, 'image_0000000019.png'),
(20, 'image_0000000020.png'),
(21, 'image_0000000021.png'),
(22, 'image_0000000022.png'),
(23, 'image_0000000023.png'),
(24, 'image_0000000024.png'),
(25, 'image_0000000025.png'),
(26, 'image_0000000026.png'),
(27, 'image_0000000027.png'),
(28, 'image_0000000028.png'),
(29, 'image_0000000029.png'),
(30, 'image_0000000030.png'),
(31, 'image_0000000031.png'),
(32, 'image_0000000032.png'),
(33, 'image_0000000033.png'),
(34, 'image_0000000034.png'),
(35, 'image_0000000035.png'),
(36, 'image_0000000036.png'),
(37, 'image_0000000037.png'),
(38, 'image_0000000038.png'),
(39, 'image_0000000039.png'),
(40, 'image_0000000040.png'),
(41, 'image_0000000041.png'),
(42, 'image_0000000042.png'),
(43, 'image_0000000043.png'),
(44, 'image_0000000044.png'),
(45, 'image_0000000045.png'),
(46, 'image_0000000046.png'),
(47, 'image_0000000047.png'),
(48, 'image_0000000048.png'),
(49, 'image_0000000049.png'),
(50, 'image_0000000050.png'),
(51, 'image_0000000051.png'),
(52, 'image_0000000052.png'),
(53, 'image_0000000053.png'),
(54, 'image_0000000054.png'),
(55, 'image_0000000055.png'),
(56, 'image_0000000056.png'),
(57, 'image_0000000057.png'),
(58, 'image_0000000058.png'),
(59, 'image_0000000059.png'),
(60, 'image_0000000060.png'),
(61, 'image_0000000061.png'),
(62, 'image_0000000062.png'),
(63, 'image_0000000063.png'),
(64, 'image_0000000064.png'),
(65, 'image_0000000065.png'),
(66, 'image_0000000066.png'),
(67, 'image_0000000067.png'),
(68, 'image_0000000068.png'),
(69, 'image_0000000069.png'),
(70, 'image_0000000070.png'),
(71, 'image_0000000071.png'),
(72, 'image_0000000072.png'),
(73, 'image_0000000073.png'),
(74, 'image_0000000074.png'),
(75, 'image_0000000075.png'),
(76, 'image_0000000076.png'),
(77, 'image_0000000077.png'),
(78, 'image_0000000078.png'),
(79, 'image_0000000079.png'),
(80, 'image_0000000080.png'),
(81, 'image_0000000081.png'),
(82, 'image_0000000082.png'),
(83, 'image_0000000083.png'),
(84, 'image_0000000084.png'),
(85, 'image_0000000085.png'),
(86, 'image_0000000086.png'),
(87, 'image_0000000087.png'),
(88, 'image_0000000088.png'),
(89, 'image_0000000089.png'),
(90, 'image_0000000090.png'),
(91, 'image_0000000091.png'),
(92, 'image_0000000092.png'),
(93, 'image_0000000093.png'),
(94, 'image_0000000094.png'),
(95, 'image_0000000095.png'),
(96, 'image_0000000096.png'),
(97, 'image_0000000097.png'),
(98, 'image_0000000098.png'),
(99, 'image_0000000099.png'),
(100, 'image_0000000100.png'),
-- Group pictures
(101, 'image_0000000101.png'),
(102, 'image_0000000102.png'),
(103, 'image_0000000103.png'),
(104, 'image_0000000104.png'),
(105, 'image_0000000105.png'),
(106, 'image_0000000106.png'),
(107, 'image_0000000107.png'),
(108, 'image_0000000108.png'),
(109, 'image_0000000109.png'),
(110, 'image_0000000110.png'),
(111, 'image_0000000111.png'),
(112, 'image_0000000112.png'),
(113, 'image_0000000113.png'),
(114, 'image_0000000114.png'),
(115, 'image_0000000115.png'),
(116, 'image_0000000116.png'),
(117, 'image_0000000117.png'),
(118, 'image_0000000118.png'),
(119, 'image_0000000119.png'),
(120, 'image_0000000120.png'),
(121, 'image_0000000121.png'),
(122, 'image_0000000122.png'),
(123, 'image_0000000123.png'),
(124, 'image_0000000124.png'),
(125, 'image_0000000125.png'),
(126, 'image_0000000126.png'),
(127, 'image_0000000127.png'),
(128, 'image_0000000128.png'),
(129, 'image_0000000129.png'),
(130, 'image_0000000130.png'),
-- Post pictures
(131, 'image_0000000131.png'),
(132, 'image_0000000132.png'),
(133, 'image_0000000133.png'),
(134, 'image_0000000134.png'),
(135, 'image_0000000135.png'),
(136, 'image_0000000136.png'),
(137, 'image_0000000137.png'),
(138, 'image_0000000138.png'),
(139, 'image_0000000139.png'),
(140, 'image_0000000140.png'),
(141, 'image_0000000141.png'),
(142, 'image_0000000142.png'),
(143, 'image_0000000143.png'),
(144, 'image_0000000144.png'),
(145, 'image_0000000145.png'),
(146, 'image_0000000146.png'),
(147, 'image_0000000147.png'),
(148, 'image_0000000148.png'),
(149, 'image_0000000149.png'),
(150, 'image_0000000150.png'),
(151, 'image_0000000151.png'),
(152, 'image_0000000152.png'),
(153, 'image_0000000153.png'),
(154, 'image_0000000154.png'),
(155, 'image_0000000155.png'),
(156, 'image_0000000156.png'),
(157, 'image_0000000157.png'),
(158, 'image_0000000158.png'),
(159, 'image_0000000159.png'),
(160, 'image_0000000160.png'),
(161, 'image_0000000161.png'),
(162, 'image_0000000162.png'),
(163, 'image_0000000163.png'),
(164, 'image_0000000164.png'),
(165, 'image_0000000165.png'),
(166, 'image_0000000166.png'),
(167, 'image_0000000167.png'),
(168, 'image_0000000168.png'),
(169, 'image_0000000169.png'),
(170, 'image_0000000170.png'),
(171, 'image_0000000171.png'),
(172, 'image_0000000172.png'),
(173, 'image_0000000173.png'),
(174, 'image_0000000174.png'),
(175, 'image_0000000175.png'),
(176, 'image_0000000176.png'),
(177, 'image_0000000177.png'),
(178, 'image_0000000178.png'),
(179, 'image_0000000179.png'),
(180, 'image_0000000180.png'),
(181, 'image_0000000181.png'),
(182, 'image_0000000182.png'),
(183, 'image_0000000183.png'),
(184, 'image_0000000184.png'),
(185, 'image_0000000185.png'),
(186, 'image_0000000186.png'),
(187, 'image_0000000187.png'),
(188, 'image_0000000188.png'),
(189, 'image_0000000189.png'),
(190, 'image_0000000190.png'),
(191, 'image_0000000191.png'),
(192, 'image_0000000192.png'),
(193, 'image_0000000193.png'),
(194, 'image_0000000194.png'),
(195, 'image_0000000195.png'),
(196, 'image_0000000196.png'),
(197, 'image_0000000197.png'),
(198, 'image_0000000198.png'),
(199, 'image_0000000199.png'),
(200, 'image_0000000200.png'),
(201, 'image_0000000201.png'),
(202, 'image_0000000202.png'),
(203, 'image_0000000203.png'),
(204, 'image_0000000204.png'),
(205, 'image_0000000205.png'),
(206, 'image_0000000206.png'),
(207, 'image_0000000207.png'),
(208, 'image_0000000208.png'),
(209, 'image_0000000209.png'),
(210, 'image_0000000210.png'),
(211, 'image_0000000211.png'),
(212, 'image_0000000212.png'),
(213, 'image_0000000213.png'),
(214, 'image_0000000214.png'),
(215, 'image_0000000215.png'),
(216, 'image_0000000216.png'),
(217, 'image_0000000217.png'),
(218, 'image_0000000218.png'),
(219, 'image_0000000219.png'),
(220, 'image_0000000220.png'),
(221, 'image_0000000221.png'),
(222, 'image_0000000222.png'),
(223, 'image_0000000223.png'),
(224, 'image_0000000224.png'),
(225, 'image_0000000225.png'),
(226, 'image_0000000226.png'),
(227, 'image_0000000227.png'),
(228, 'image_0000000228.png'),
(229, 'image_0000000229.png'),
(230, 'image_0000000230.png'),
(231, 'image_0000000231.png'),
(232, 'image_0000000232.png'),
(233, 'image_0000000233.png'),
(234, 'image_0000000234.png'),
(235, 'image_0000000235.png'),
(236, 'image_0000000236.png'),
(237, 'image_0000000237.png'),
(238, 'image_0000000238.png'),
(239, 'image_0000000239.png'),
(240, 'image_0000000240.png'),
(241, 'image_0000000241.png'),
(242, 'image_0000000242.png'),
(243, 'image_0000000243.png'),
(244, 'image_0000000244.png'),
(245, 'image_0000000245.png'),
(246, 'image_0000000246.png'),
(247, 'image_0000000247.png'),
(248, 'image_0000000248.png'),
(249, 'image_0000000249.png'),
(250, 'image_0000000250.png'),
(251, 'image_0000000251.png'),
(252, 'image_0000000252.png'),
(253, 'image_0000000253.png'),
(254, 'image_0000000254.png'),
(255, 'image_0000000255.png'),
(256, 'image_0000000256.png'),
(257, 'image_0000000257.png'),
(258, 'image_0000000258.png'),
(259, 'image_0000000259.png'),
(260, 'image_0000000260.png'),
(261, 'image_0000000261.png'),
(262, 'image_0000000262.png'),
(263, 'image_0000000263.png'),
(264, 'image_0000000264.png'),
(265, 'image_0000000265.png'),
(266, 'image_0000000266.png'),
(267, 'image_0000000267.png'),
(268, 'image_0000000268.png'),
(269, 'image_0000000269.png'),
(270, 'image_0000000270.png'),
(271, 'image_0000000271.png'),
(272, 'image_0000000272.png'),
(273, 'image_0000000273.png'),
(274, 'image_0000000274.png'),
(275, 'image_0000000275.png'),
(276, 'image_0000000276.png'),
(277, 'image_0000000277.png'),
(278, 'image_0000000278.png'),
(279, 'image_0000000279.png'),
(280, 'image_0000000280.png'),
(281, 'image_0000000281.png'),
(282, 'image_0000000282.png'),
(283, 'image_0000000283.png'),
(284, 'image_0000000284.png'),
(285, 'image_0000000285.png'),
(286, 'image_0000000286.png'),
(287, 'image_0000000287.png'),
(288, 'image_0000000288.png'),
(289, 'image_0000000289.png');


--------------------------------------------
-- R01 USERS (ADMIN AND NON-ADMIN) ---------
--------------------------------------------

INSERT INTO users (username, firstname, surname, password, email, bio_description, is_public, admin, type, profile_picture)
VALUES
-- Admin users
('admin_tina', 'Tina', 'Wright', 'Admin1234!', 'tina.wright@admin.com', 'Platform admin. Here to keep things safe and friendly!', TRUE, TRUE, 'admin', 'default.png'),
('admin_jake', 'Jake', 'Miller', 'SecurePass@89', 'jake.miller@admin.com', 'Community administrator. Reach out for support!', TRUE, TRUE, 'admin', 'default.png'),
('admin_alex', 'Alex', 'Taylor', 'AdminPass#101', 'alex.taylor@admin.com', 'Ensuring a great experience for all pet lovers!', TRUE, TRUE, 'admin', 'default.png'),
('admin_sara', 'Sara', 'Moore', 'P@ssword2023', 'sara.moore@admin.com', 'Helping moderate and improve your experience here.', TRUE, TRUE, 'admin', 'default.png'),
('admin_chris', 'Chris', 'Hall', 'ChAdmin2024!', 'chris.hall@admin.com', 'Happy to support this community of animal lovers.', TRUE, TRUE, 'admin', 'default.png'),
-- Normal users
('furryfriend95', 'Ella', 'Johnson', 'DogLover123!', 'ella.johnson@gmail.com', 'Dog mom of two. Looking for playdates!', TRUE, FALSE, 'pet owner', 'default.png'),
('pawsnclaws', 'Liam', 'Brown', 'Paws@123!', 'liam.brown@outlook.com', 'Dog trainer and animal lover. Happy to share tips!', TRUE, FALSE, 'pet owner', 'default.png'),
('vet_lisa', 'Lisa', 'Martinez', 'HealingPaws@2022', 'lisa.martinez@vetcare.com', 'Veterinarian specializing in exotic pets. Here to help with health tips!', TRUE, FALSE, 'veterinarian', 'default.png'),
('felinefrenzy', 'Emma', 'Davis', 'CatsRule#2023', 'emma.davis@adoptpets.com', 'Managing an adoption agency for cats. Find your new friend today!', TRUE, FALSE, 'adoption organization', 'default.png'),
('rescuecharlie', 'Charlie', 'Wilson', 'SafePaws789?', 'charlie.wilson@rescuehub.org', 'Animal rescuer focused on rehabilitating strays.', TRUE, FALSE, 'rescue organization', 'default.png'),
('birdwatcher22', 'Sarah', 'Anderson', 'ParrotFanatic#!', 'sarah.anderson@outlook.com', 'Love birds of all kinds, especially parrots!', TRUE, FALSE, 'pet owner', 'default.png'),
('puglove88', 'Ben', 'Thomas', 'PugLife123', 'ben.thomas@gmail.com', 'Proud owner of two pugs. Love sharing photos!', FALSE, FALSE, 'pet owner', 'default.png'),
('doggiedad', 'Robert', 'Jackson', 'GoodBoy101', 'robert.jackson@gmx.com', 'Loving dad to a German Shepherd and a Border Collie.', TRUE, FALSE, 'pet owner', 'default.png'),
('catcuddles', 'Olivia', 'White', 'KittyLove#2021', 'olivia.white@yahoo.com', 'Cat mom to three rescues. Here to share their adventures!', FALSE, FALSE, 'pet owner', 'default.png'),
('bunnyhop', 'Mia', 'Harris', 'RabbitFan123!', 'mia.harris@gmail.com', 'Bunny enthusiast with a growing family of rabbits!', TRUE, FALSE, 'pet owner', 'default.png'),
('lovelylabs', 'Rachel', 'Clark', 'LabradorLover#77', 'rachel.clark@outlook.com', 'Labrador mom and dog park regular.', TRUE, FALSE, 'pet owner', 'default.png'),
('parrotpirate', 'Liam', 'Reed', 'FeatheredFriend!', 'liam.reed@gmail.com', 'Big fan of parrots and exotic birds.', TRUE, FALSE, 'pet owner', 'default.png'),
('snaketamer', 'David', 'Bennett', 'ReptileWorld@99', 'david.bennett@gmx.de', 'Reptile enthusiast, especially into snakes.', FALSE, FALSE, 'pet owner', 'default.png'),
('kittenrescuer', 'Emily', 'Hayes', 'Kitties123*', 'emily.hayes@adoptme.org', 'Rescue agency focused on kittens.', TRUE, FALSE, 'adoption organization', 'default.png'),
('fishfrenzy', 'Oliver', 'Young', 'AquaticLover$', 'oliver.young@outlook.com', 'Aquarium owner with a passion for exotic fish.', TRUE, FALSE, 'pet owner', 'default.png'),
('puppywhisperer', 'Grace', 'Parker', 'BarkLife!2022', 'grace.parker@gmail.com', 'Dog trainer specializing in puppies.', TRUE, FALSE, 'pet owner', 'default.png'),
('exoticpets', 'James', 'Murphy', 'Exotic4Life!', 'james.murphy@exoticvet.com', 'Exotic pet veterinarian.', TRUE, FALSE, 'veterinarian', 'default.png'),
('hedgehoghelper', 'Sophia', 'Rivera', 'Hedgehog#1', 'sophia.rivera@yahoo.com', 'Proud owner of two hedgehogs.', FALSE, FALSE, 'pet owner', 'default.png'),
('wildlifewarrior', 'Matthew', 'Flores', 'WildOne$2023', 'matthew.flores@rescuewild.org', 'Wildlife rescue volunteer.', TRUE, FALSE, 'rescue organization', 'default.png'),
('pawspatrol', 'Ava', 'Sanders', 'Patrol4Pets!', 'ava.sanders@gmail.com', 'Pet patrol and safety advocate.', TRUE, FALSE, 'pet owner', 'default.png'),
('purrfectmatch', 'Isabella', 'Ramirez', 'Purrfect!4U', 'isabella.ramirez@adoptlove.com', 'Adoption agency connecting pets with people.', TRUE, FALSE, 'adoption organization', 'default.png'),
('tinyterriers', 'Jack', 'Mitchell', 'TerrierFan123', 'jack.mitchell@outlook.com', 'Terrier lover, proud owner of a Yorkie.', TRUE, FALSE, 'pet owner', 'default.png'),
('rabbitrescue', 'Samantha', 'Morris', 'BunnyLover@2023', 'samantha.morris@rescue.org', 'Rabbit rescue and care enthusiast.', TRUE, FALSE, 'rescue organization', 'default.png'),
('goldenretrieverfan', 'Andrew', 'Long', 'Goldie4Life$', 'andrew.long@gmail.com', 'Golden retriever owner and dog lover.', TRUE, FALSE, 'pet owner', 'default.png'),
('featheredfriends', 'Alyssa', 'Martinez', 'Birdie@567', 'alyssa.martinez@birdwatch.org', 'Bird rescue and rehabilitation.', TRUE, FALSE, 'rescue organization', 'default.png'),
('pawsitivevibes', 'Zoe', 'Cruz', 'HappyPets!2024', 'zoe.cruz@yahoo.com', 'Fostering dogs and promoting adoptions.', TRUE, FALSE, 'adoption organization', 'default.png'),
('catdaddy', 'Daniel', 'Scott', 'MeowMaster$', 'daniel.scott@gmx.com', 'Owner of four cats, always up for playdates.', FALSE, FALSE, 'pet owner', 'default.png'),
('barknroll', 'Ethan', 'Green', 'RockPaws@22', 'ethan.green@gmail.com', 'Music lover and dog dad.', TRUE, FALSE, 'pet owner', 'default.png'),
('furfamily', 'Jessica', 'Baker', 'FamilyFurEver!', 'jessica.baker@outlook.com', 'Two dogs, a cat, and lots of love.', FALSE, FALSE, 'pet owner', 'default.png'),
('tailsandtales', 'Aaron', 'Simmons', 'StoryTime@99', 'aaron.simmons@gmx.de', 'Writer and dog owner, loves sharing tales of pets.', TRUE, FALSE, 'pet owner', 'default.png'),
('vet_mike', 'Michael', 'Peterson', 'VetLife#99', 'michael.peterson@vetmed.org', 'Veterinarian focused on wellness and preventive care.', TRUE, FALSE, 'veterinarian', 'default.png'),
('adoptables', 'Ashley', 'Evans', 'AdoptMe!', 'ashley.evans@adoptnow.pt', 'Helping pets find their forever homes.', TRUE, FALSE, 'adoption organization', 'default.png'),
('ratfanatic', 'Kevin', 'Collins', 'RatLover99!', 'kevin.collins@gmx.com', 'Proud rat dad and rodent lover.', FALSE, FALSE, 'pet owner', 'default.png'),
('dogdays', 'Madison', 'Turner', 'BestBuddies#', 'madison.turner@gmail.com', 'Dog daycare owner.', TRUE, FALSE, 'pet owner', 'default.png'),
('kittenpaws', 'Joshua', 'Campbell', 'KittenKing123', 'joshua.campbell@yahoo.com', 'Adoption and fostering for kittens.', TRUE, FALSE, 'adoption organization', 'default.png'),
('pawsome', 'Lucas', 'Rivera', 'PetPower@2024', 'lucas.rivera@outlook.com', 'Two dogs and a hamster - lots of love!', FALSE, FALSE, 'pet owner', 'default.png'),
('catcafe', 'Megan', 'Diaz', 'Cuddles@Cafe!', 'megan.diaz@catcafe.com', 'Owner of a cat café!', TRUE, FALSE, 'pet owner', 'default.png'),
('fureverfamily', 'Sophia', 'Murray', 'LovePets@567', 'sophia.murray@gmail.com', 'Animal shelter volunteer.', TRUE, FALSE, 'rescue organization', 'default.png'),
('ranchvet', 'Samuel', 'Myers', 'Vet2024!', 'samuel.myers@ranchvet.com', 'Veterinarian for horses and farm animals.', TRUE, FALSE, 'veterinarian', 'default.png'),
('turtletime', 'Julia', 'Owens', 'ShellPower!', 'julia.owens@gmx.com', 'Turtle enthusiast and aquarium hobbyist.', FALSE, FALSE, 'pet owner', 'default.png'),
('bigcatfan', 'Jacob', 'Perry', 'BigCatsRule$', 'jacob.perry@gmail.com', 'Love big cats and run a rescue.', TRUE, FALSE, 'rescue organization', 'default.png'),
('lovemycorgi', 'Ella', 'Hughes', 'CorgiLove101', 'ella.hughes@yahoo.com', 'Proud corgi mom.', TRUE, FALSE, 'pet owner', 'default.png'),
('purrtherapy', 'Mason', 'Price', 'Furball#2024', 'mason.price@outlook.com', 'Certified pet therapist.', TRUE, FALSE, 'veterinarian', 'default.png'),
('exoticanimals', 'Abigail', 'Watson', 'Exotics@Home', 'abigail.watson@gmail.com', 'Passionate about exotic pets.', TRUE, FALSE, 'pet owner', 'default.png'),
('puppylove', 'Grace', 'Bell', 'PuppyLove!', 'grace.bell@yahoo.com', 'Owner of a dog training center.', TRUE, FALSE, 'pet owner', 'default.png'),
('happytails', 'Isabella', 'Cooper', 'Happy123!', 'isabella.cooper@gmail.com', 'Pet groomer with a love for all animals.', FALSE, FALSE, 'pet owner', 'default.png'),
('lovedoveco', 'Carter', 'Richardson', 'Dove#2!', 'carter.richardson@birdlovers.com', 'Parrot and dove expert.', TRUE, FALSE, 'pet owner', 'default.png'),
('farmfriends', 'Avery', 'King', 'FarmLife#123', 'avery.king@farmvet.org', 'Farm veterinarian specializing in large animals.', TRUE, FALSE, 'veterinarian', 'default.png'),
('pawprints', 'Grace', 'Hill', 'PawsAndTails!', 'grace.hill@gmail.com', 'Pet photographer.', TRUE, FALSE, 'pet owner', 'default.png'),
('ferretfanatic', 'Gabriel', 'Scott', 'FerretsRule!', 'gabriel.scott@gmx.com', 'Ferret owner with a playful pack.', FALSE, FALSE, 'pet owner', 'default.png'),
('aqua_life', 'Emily', 'Parker', 'AquaLove123', 'emily.parker@yahoo.com', 'Fish and marine life enthusiast.', TRUE, FALSE, 'pet owner', 'default.png'),
('parrotlife', 'Aidan', 'Nelson', 'Parrot#Fan', 'aidan.nelson@gmail.com', 'Parrot lover.', TRUE, FALSE, 'pet owner', 'default.png'),
('pawsitive_adopt', 'Kayla', 'Carter', 'LoveForPets!', 'kayla.carter@adoptus.org', 'Adoption advocate.', TRUE, FALSE, 'adoption organization', 'default.png'),
('cattitude', 'Hannah', 'Reed', 'CatsAreKing#', 'hannah.reed@catworld.com', 'Cat café owner.', TRUE, FALSE, 'pet owner', 'default.png'),
('veterin_clinic', 'Nathan', 'Bell', 'VetClinic123!', 'nathan.bell@vetclinic.org', 'Veterinarian for pets.', TRUE, FALSE, 'veterinarian', 'default.png'),
('pawsnclaws2', 'Ella', 'Wright', 'Claws2024!', 'ella.wright@yahoo.com', 'Proud owner of two rescue cats.', TRUE, FALSE, 'pet owner', 'default.png'),
('dogparkfan', 'Lucas', 'Ward', 'BarkBuddies!', 'lucas.ward@gmail.com', 'Frequent visitor to the dog park with my Labrador.', FALSE, FALSE, 'pet owner', 'default.png'),
('purrsonality', 'Zoe', 'Henderson', 'CatLover#7', 'zoe.henderson@outlook.com', 'Three cats and counting!', TRUE, FALSE, 'pet owner', 'default.png'),
('petparadise', 'Noah', 'Gray', 'Paradise123', 'noah.gray@gmx.com', 'Passionate about pet care and dog wellness.', FALSE, FALSE, 'pet owner', 'default.png'),
('houndheart', 'Chloe', 'Adams', 'HoundLove2024', 'chloe.adams@gmail.com', 'Basset hound lover.', TRUE, FALSE, 'pet owner', 'default.png'),
('furballnation', 'Jacob', 'Patterson', 'Furry123!', 'jacob.patterson@yahoo.com', 'Owner of two dogs and a cat.', TRUE, FALSE, 'pet owner', 'default.png'),
('whiskersandtails', 'Samantha', 'Howard', 'Whiskers@12', 'samantha.howard@gmail.com', 'Love animals with big personalities.', FALSE, FALSE, 'pet owner', 'default.png'),
('barkingmad', 'Benjamin', 'Bell', 'WoofWoof2024', 'benjamin.bell@outlook.com', 'Dog dad to a playful beagle.', TRUE, FALSE, 'pet owner', 'default.png'),
('petdetective', 'Emma', 'Cook', 'Detective#1', 'emma.cook@gmx.com', 'Curious about pet behavior.', FALSE, FALSE, 'pet owner', 'default.png'),
('reptilehouse', 'Oliver', 'Brooks', 'SnakeLover@2024', 'oliver.brooks@gmail.com', 'Love reptiles and amphibians.', TRUE, FALSE, 'pet owner', 'default.png'),
('tailsoffriendship', 'Avery', 'Sanders', 'Friends4Life', 'avery.sanders@outlook.com', 'Fostering dogs and cats.', TRUE, FALSE, 'pet owner', 'default.png'),
('puppysnuggles', 'Mia', 'Reed', 'SnugglePup!', 'mia.reed@gmail.com', 'Enjoying every moment with my new puppy.', TRUE, FALSE, 'pet owner', 'default.png'),
('woofwhiskers', 'Henry', 'Hughes', 'WoofWhisker#', 'henry.hughes@outlook.com', 'A happy dog owner.', TRUE, FALSE, 'pet owner', 'default.png'),
('meowmagic', 'Emily', 'Foster', 'CatMagic!', 'emily.foster@gmx.com', 'Cats bring magic to my life.', FALSE, FALSE, 'pet owner', 'default.png'),
('puppyplaytime', 'Michael', 'Harper', 'Playtime2024!', 'michael.harper@gmail.com', 'Dog trainer and puppy dad.', TRUE, FALSE, 'pet owner', 'default.png'),
('pawsitiveenergy', 'Anna', 'Spencer', 'Paws#2024', 'anna.spencer@yahoo.com', 'Love sharing positive energy with pets.', TRUE, FALSE, 'pet owner', 'default.png'),
('allforpaws', 'Lily', 'Kim', 'ForPaws!', 'lily.kim@gmail.com', 'Pet photographer with a love for all animals.', TRUE, FALSE, 'pet owner', 'default.png'),
('cattales', 'Evan', 'Wright', 'CatTales2024', 'evan.wright@outlook.com', 'Rescued two cats, sharing their stories.', FALSE, FALSE, 'pet owner', 'default.png'),
('bestbuddies', 'Grace', 'Cole', 'Besties#4Life', 'grace.cole@gmail.com', 'Proud dog mom to two pups.', TRUE, FALSE, 'pet owner', 'default.png'),
('luckyfur', 'James', 'Powell', 'Lucky1234', 'james.powell@gmx.com', 'Fur baby parent and lucky dog lover.', TRUE, FALSE, 'pet owner', 'default.png'),
('doggydaydream', 'Sarah', 'Rogers', 'DreamPup!', 'sarah.rogers@gmail.com', 'Big dreamer, and dog lover.', FALSE, FALSE, 'pet owner', 'default.png'),
('furmoments', 'Brandon', 'Green', 'FurEver2024', 'brandon.green@outlook.com', 'Capturing fur moments with my camera.', TRUE, FALSE, 'pet owner', 'default.png'),
('adventuretails', 'Charlotte', 'Butler', 'Adventure@99', 'charlotte.butler@gmail.com', 'Dog lover and adventure enthusiast.', TRUE, FALSE, 'pet owner', 'default.png'),
('petfairy', 'Evelyn', 'Barnes', 'Fairy2024', 'evelyn.barnes@gmx.com', 'Pet fairy for my rescued dogs.', TRUE, FALSE, 'pet owner', 'default.png'),
('whiskerlove', 'Aiden', 'Foster', 'WhiskerLover', 'aiden.foster@gmail.com', 'A cat lover at heart.', FALSE, FALSE, 'pet owner', 'default.png'),
('happyhooves', 'Madison', 'Perez', 'Hooves2024!', 'madison.perez@outlook.com', 'Love animals big and small.', TRUE, FALSE, 'pet owner', 'default.png'),
('purradise', 'Ella', 'Cruz', 'ParadiseMeow', 'ella.cruz@gmail.com', 'Cat lover.', TRUE, FALSE, 'pet owner', 'default.png'),
('barkalong', 'Nathan', 'Stewart', 'Bark123!', 'nathan.stewart@gmx.com', 'Dog dad with a love for corgis.', TRUE, FALSE, 'pet owner', 'default.png'),
('pawsandplay', 'Savannah', 'Nguyen', 'Playful#Pets', 'savannah.nguyen@gmail.com', 'Pet playdates are the best.', TRUE, FALSE, 'pet owner', 'default.png'),
('happyhounds', 'Dylan', 'Edwards', 'Happy@Dogs', 'dylan.edwards@yahoo.com', 'A hound dog owner.', TRUE, FALSE, 'pet owner', 'default.png'),
('rescuebuddy', 'Sophie', 'Ross', 'RescuePal', 'sophie.ross@gmail.com', 'Helping foster dogs find forever homes.', TRUE, FALSE, 'pet owner', 'default.png'),
('fureverfriends', 'Christian', 'Sanders', 'ForeverPaws!', 'christian.sanders@gmx.com', 'Sharing life with pets is the best.', TRUE, FALSE, 'pet owner', 'default.png'),
('tailsoffun', 'Hannah', 'Ramirez', 'Fun@Paws', 'hannah.ramirez@yahoo.com', 'Love playtime with my dogs.', FALSE, FALSE, 'pet owner', 'default.png'),
('barkingfriends', 'Gabriel', 'Barnes', 'Friends4Paws!', 'gabriel.barnes@gmail.com', 'Dog socializer.', TRUE, FALSE, 'pet owner', 'default.png'),
('aquapaws', 'Alexa', 'Shaw', 'FishyFriends!', 'alexa.shaw@outlook.com', 'Keeping a peaceful fish aquarium.', TRUE, FALSE, 'pet owner', 'default.png'),
('petfanclub', 'Julian', 'Long', 'Club@Pets', 'julian.long@gmail.com', 'Pet fan of all types.', FALSE, FALSE, 'pet owner', 'default.png'),
('bigdogbuddy', 'Leah', 'King', 'BigDog123', 'leah.king@yahoo.com', 'My big dog is my best friend.', TRUE, FALSE, 'pet owner', 'default.png'),
('rescuesrock', 'Adrian', 'Wells', 'Rescue#1', 'adrian.wells@gmail.com', 'Proud rescue dog parent.', TRUE, FALSE, 'pet owner', 'default.png'),
('petsofinstinct', 'Dylan', 'Walker', 'Instinct#567', 'dylan.walker@gmail.com', 'Pet trainer.', TRUE, FALSE, 'pet owner', 'default.png'),
('hamstergal', 'Sophia', 'Brooks', 'Hamsters#987', 'sophia.brooks@outlook.com', 'Pet mom to hamsters and always learning new things.', FALSE, FALSE, 'pet owner', 'default.png'),
('powlaf', 'Paula', 'Frindte', '$2y$10$ujy9X7AJSWX6aeXJwyl7xuRujEQzPS/aGcnTdr/8B1e1haHU51sva', 'admin@example.com', 'Pet mom to hamsters and always learning new things.', FALSE, FALSE, 'pet owner', 'e94bfb9deacb42adbb52c6a9e210f1a4-free.png');


--------------------------------------------
-- R04 GROUPS ------------------------------
--------------------------------------------

INSERT INTO groups (id, name, description, is_public, img_id, owner_id)
VALUES
(1, 'Walking Routes for Dogs', 'I created this group so we can exchange nice walking routes for our dogs (or other animals) and maybe go for a walk together!', TRUE, 101, 62),
(2, 'Pet Adoptions & Fostering', 'Join us to discuss fostering and adopting pets in need, share resources, and support each other!', TRUE, 102, 58),
(3, 'Aquarium Lovers', 'This group is for all those who love keeping aquariums! Share tips, tank setups, and fish care advice.', TRUE, 103, 95),
(4, 'Parrot Enthusiasts', 'A community for parrot owners to discuss training, care, and share stories about these intelligent birds!', FALSE, 104, 57),
(5, 'Dog Training Tips', 'Here we discuss all things dog training, from obedience to agility and tricks. Lets help each other raise well-behaved pups!', FALSE, 105, 99),
(6, 'Cat Café Fans', 'A group for cat lovers and café goers! Share recommendations and discuss all things feline over a cup of coffee.', TRUE, 106, 59),
(7, 'Reptile Keepers', 'A safe space for reptile owners to share knowledge on proper care, enclosure setups, and feeding tips.', TRUE, 107, 70),
(8, 'Pet Photography', 'Dedicated to those who love capturing moments with their pets. Share tips, gear advice, and your favorite shots!', FALSE, 108, 54),
(9, 'Lost & Found Pets', 'A community effort to reunite lost pets with their owners. Share missing pet posts and volunteer in search efforts.', TRUE, 109, 91),
(10, 'Pet-Friendly Travel', 'Love traveling with your pets? This group is for sharing tips, pet-friendly locations, and travel stories.', TRUE, 110, 83),
(11, 'Rescue Pet Network', 'A group dedicated to supporting rescue pets and their owners. Share resources and success stories!', TRUE, 111, 98),
(12, 'Ferret Friends', 'For ferret owners to connect, share tips on ferret care, and discuss their playful pets.', FALSE, 112, 55),
(13, 'Small Animal Lovers', 'Hamsters, rabbits, guinea pigs, and more! This group is all about small animal care and bonding tips.', TRUE, 113, 93),
(14, 'Senior Pets Support', 'A place to discuss the special care, health, and comfort needs of our senior pets.', TRUE, 114, 79),
(15, 'Dog Agility Training', 'For those interested in agility training with their dogs. Share course setups, tips, and events!', FALSE, 115, 75),
(16, 'Pet Health & Wellness', 'Focused on holistic pet health, nutrition, and preventive care for all types of pets.', TRUE, 116, 86),
(17, 'Exotic Pets Club', 'A group for owners of exotic pets like birds, reptiles, and unique mammals to share stories and advice.', TRUE, 117, 67),
(18, 'Feline Behavior & Training', 'For cat owners who want to better understand their feline friends and explore training techniques.', TRUE, 118, 85),
(19, 'Pet Memorials', 'A supportive community to honor and remember pets who have crossed the rainbow bridge.', TRUE, 119, 71),
(20, 'Pet Costume Ideas', 'Share ideas, photos, and tips for creating adorable costumes for your pets!', TRUE, 120, 89),
(21, 'Puppy Playdates', 'A group for puppy owners to arrange playdates, share advice, and connect with other puppy parents.', FALSE, 121, 72),
(22, 'Adopt Dont Shop', 'Dedicated to promoting pet adoption and raising awareness about the benefits of adopting pets.', TRUE, 122, 92),
(23, 'Outdoor Adventures with Pets', 'For those who enjoy hiking, camping, and outdoor activities with their pets.', TRUE, 123, 88),
(24, 'Pet-Friendly Cafés & Restaurants', 'Share and discover pet-friendly cafés and restaurants in your area!', TRUE, 124, 59),
(25, 'Pet Training Resources', 'Resources and support for training pets of all types, from dogs and cats to birds and rodents.', TRUE, 125, 66),
(26, 'Pet Nutrition Forum', 'Discuss pet diets, nutrition tips, and food recommendations for all types of pets.', FALSE, 126, 77),
(27, 'Pet Owners with Allergies', 'Support and tips for pet owners managing allergies, both for themselves and their pets.', TRUE, 127, 74),
(28, 'Horse Lovers Club', 'For those who own or simply love horses! Share riding tips, care information, and event news.', FALSE, 128, 86),
(29, 'Parrot Care Tips', 'Focused on parrot care, enrichment activities, and behavior training for parrot owners.', TRUE, 129, 57),
(30, 'Animal Welfare & Rescue Efforts', 'For advocates and volunteers working toward improving animal welfare and supporting rescue efforts.', TRUE, 130, 58);


--------------------------------------------
-- R03 GROUP_PARTICIPANT -------------------
--------------------------------------------

INSERT INTO group_participant (user_id, group_id)
VALUES 
(61, 1), (62, 1), (63, 1), (72, 1), (83, 1), (88, 1), (93, 1), (97, 1), (99, 1),
(58, 2), (91, 2), (92, 2), (79, 2), (71, 2), (94, 2), (84, 2), (98, 2), (83, 2),
(70, 3), (95, 3), (66, 3), (81, 3), (85, 3), (77, 3),
(57, 4), (63, 4), (78, 4), (74, 4), (76, 4),
(72, 5), (61, 5), (68, 5), (75, 5), (86, 5), (89, 5), (90, 5), (91, 5), (64, 5),
(59, 6), (74, 6), (85, 6), (67, 6), (78, 6), (83, 6), (81, 6), (73, 6), (87, 6),
(70, 7), (95, 7), (66, 7), (85, 7), (92, 7), (94, 7),
(54, 8), (82, 8), (77, 8), (69, 8), (96, 8), (80, 8),
(91, 9), (79, 9), (94, 9), (88, 9), (95, 9), (98, 9), (84, 9), (62, 9), (63, 9),
(83, 10), (88, 10), (61, 10), (86, 10), (90, 10), (72, 10),
(98, 11), (91, 11), (92, 11), (79, 11), (95, 11), (99, 11), (58, 11), (71, 11),
(55, 12), (64, 12), (74, 12), (66, 12),
(93, 13), (81, 13), (83, 13), (75, 13), (61, 13), (68, 13), (76, 13),
(79, 14), (86, 14), (89, 14), (90, 14), (87, 14), (77, 14),
(75, 15), (61, 15), (68, 15), (83, 15), (88, 15), (90, 15), (99, 15),
(86, 16), (79, 16), (93, 16), (84, 16), (77, 16), (89, 16),
(67, 17), (70, 17), (66, 17), (85, 17), (95, 17), (74, 17),
(85, 18), (78, 18), (74, 18), (67, 18), (63, 18), (81, 18), (59, 18),
(71, 19), (86, 19), (89, 19), (94, 19), (97, 19), (72, 19),
(89, 20), (73, 20), (95, 20), (72, 20), (82, 20), (61, 20),
(72, 21), (86, 21), (75, 21), (88, 21), (99, 21), (83, 21),
(92, 22), (84, 22), (91, 22), (58, 22), (79, 22), (98, 22), (74, 22),
(88, 23), (83, 23), (72, 23), (91, 23), (64, 23), (61, 23), (99, 23),
(59, 24), (85, 24), (67, 24), (73, 24), (78, 24), (89, 24), (61, 24),
(66, 25), (72, 25), (89, 25), (74, 25), (81, 25), (61, 25),
(77, 26), (86, 26), (76, 26), (93, 26), (79, 26), (67, 26),
(74, 27), (92, 27), (84, 27), (59, 27), (68, 27), (81, 27),
(86, 28), (93, 28), (79, 28), (91, 28),
(57, 29), (78, 29), (74, 29), (67, 29), (63, 29), (81, 29),
(58, 30), (98, 30), (92, 30), (91, 30), (84, 30), (99, 30), (94, 30);


--------------------------------------------
-- R11 MESSAGE -----------------------------
--------------------------------------------

INSERT INTO message (id, content, date, sender_id, group_id)
VALUES
-- Group 1: Walking Routes for Dogs
(1, 'Hi, I am new here, does anybody know any good walking routes I can do with my dog?', '2024-11-01 08:55:23', 99, 1),
(2, 'Welcome! I usually take my dog to Sunset Park. It has a nice, shaded trail.', '2024-11-01 09:02:15', 62, 1),
(3, 'Oh, I love that park too! There’s a dog-friendly café nearby as well.', '2024-11-01 09:18:42', 97, 1),
(4, 'Does anyone know if the trails are okay for smaller dogs? Mine is only 5 pounds!', '2024-11-01 10:12:30', 63, 1),
(5, 'Definitely! I’ve seen lots of small dogs there. Just bring water as some parts are steep.', '2024-11-01 10:24:53', 83, 1),
-- Group 2: Pet Adoptions & Fostering
(6, 'Hello everyone! I’m interested in fostering cats. Any advice for a first-timer?', '2024-11-02 14:45:12', 92, 2),
(7, 'Hi! Make sure to give them their own space at first. Cats need a safe spot to adjust.', '2024-11-02 15:01:47', 91, 2),
(8, 'Absolutely! And be patient; some cats need a bit more time to feel comfortable.', '2024-11-02 15:12:31', 58, 2),
(9, 'Thanks, I’ll try setting up a cozy corner for them.', '2024-11-02 15:45:10', 92, 2),
(10, 'Don’t hesitate to reach out if you have any questions. Fostering is so rewarding!', '2024-11-02 16:02:20', 94, 2),
-- Group 3: Aquarium Lovers
(11, 'What’s the best beginner fish for a new tank?', '2024-11-03 12:22:33', 66, 3),
(12, 'Try guppies! They’re hardy and come in lots of colors.', '2024-11-03 12:37:55', 95, 3),
(13, 'Guppies are great! Make sure to cycle the tank before adding fish.', '2024-11-03 13:04:12', 70, 3),
(14, 'Thanks, everyone! I’ll look into guppies and tank cycling.', '2024-11-03 13:20:42', 66, 3),
(15, 'If you need plant recommendations, I’d suggest Java Fern – super easy to care for.', '2024-11-03 13:45:10', 85, 3),
-- Group 4: Parrot Enthusiasts
(16, 'Any tips for teaching my parrot to talk? She’s a bit shy.', '2024-11-04 08:35:25', 63, 4),
(17, 'Be consistent with simple phrases like "hello." Reward her with a treat when she mimics!', '2024-11-04 08:48:13', 57, 4),
(18, 'Play recordings of common words when you’re not around. It helped my parrot a lot!', '2024-11-04 09:10:45', 74, 4),
(19, 'Great idea with the recordings! I’ll start with "hello" today.', '2024-11-04 09:22:59', 63, 4),
(20, 'Let us know how it goes! Parrots love praise too, so clap for her when she tries.', '2024-11-04 09:38:30', 76, 4),
-- Group 5: Dog Training Tips
(21, 'I’m struggling with leash training. Any advice?', '2024-11-05 11:11:11', 68, 5),
(22, 'Use treats as a reward! Start indoors and gradually move outside.', '2024-11-05 11:20:52', 86, 5),
(23, 'I found that using a shorter leash helped keep my pup close.', '2024-11-05 11:35:29', 99, 5),
(24, 'Thanks! I’ll try using a shorter leash and keep treats handy.', '2024-11-05 11:49:50', 68, 5),
(25, 'Also, stay calm if they pull. Consistency is key!', '2024-11-05 12:04:15', 61, 5),
-- Group 6: Cat Café Fans
(26, 'Anyone know of good cat cafés in the city?', '2024-11-06 14:23:32', 59, 6),
(27, 'I love Paws & Claws! They have adoptable cats and great coffee.', '2024-11-06 14:35:47', 74, 6),
(28, 'Yes, Paws & Claws is amazing. Try the mocha – it’s delicious.', '2024-11-06 14:50:13', 78, 6),
(29, 'Sounds lovely. I’ll check it out this weekend!', '2024-11-06 15:03:20', 85, 6),
(30, 'Let us know how you like it. The cats there are so friendly!', '2024-11-06 15:18:45', 87, 6),
-- Group 7: Reptile Keepers
(31, 'Does anyone keep snakes? I’m considering getting a ball python.', '2024-11-07 10:33:17', 70, 7),
(32, 'Ball pythons are a great choice! Just make sure to have the right enclosure setup.', '2024-11-07 10:48:45', 95, 7),
(33, 'Definitely! They need heat lamps and hiding spots.', '2024-11-07 11:05:20', 66, 7),
(34, 'Thanks for the tips! I’ll research heat lamp options.', '2024-11-07 11:25:35', 70, 7),
-- Group 8: Pet Photography
(35, 'What’s a good camera for pet photography?', '2024-11-08 09:15:45', 69, 8),
(36, 'Try a DSLR like the Canon EOS series. Great for capturing action shots!', '2024-11-08 09:29:30', 54, 8),
(37, 'I use my phone – iPhones have amazing portrait modes these days.', '2024-11-08 09:41:20', 96, 8),
(38, 'Thanks, everyone! I’ll start with my phone and see if I need a DSLR.', '2024-11-08 10:05:55', 69, 8),
(39, 'Lighting is key! Try shooting outside for natural light.', '2024-11-08 10:15:05', 80, 8),
-- Group 9: Lost & Found Pets
(40, 'My dog went missing yesterday near 5th Ave. Any advice?', '2024-11-09 13:12:12', 91, 9),
(41, 'Try posting on local social media and pet forums.', '2024-11-09 13:25:40', 98, 9),
(42, 'Also, contact local shelters and vets. Many have lost and found boards.', '2024-11-09 13:40:23', 88, 9),
(43, 'Thank you! I’ll start posting on social media and visit shelters today.', '2024-11-09 13:52:10', 91, 9),
-- Group 10: Pet-Friendly Travel
(44, 'Looking for pet-friendly hotels for an upcoming trip. Any suggestions?', '2024-11-10 11:11:55', 83, 10),
(45, 'I like staying at pet-friendly Airbnbs. They’re more flexible with pets.', '2024-11-10 11:24:45', 86, 10),
(46, 'Some hotel chains like Marriott offer pet-friendly rooms. Check their site!', '2024-11-10 11:35:13', 90, 10),
(47, 'Thanks for the tips! I’ll look up some Airbnbs and check Marriott.', '2024-11-10 11:52:30', 83, 10),
-- Group 11: Exotic Pet Care
(101, 'Anyone here experienced with sugar gliders? I’m new to keeping them.', '2024-11-11 08:30:20', 77, 11),
(102, 'Yes! They’re amazing but need a lot of interaction. Make sure to have a bonding pouch.', '2024-11-11 08:50:40', 69, 11),
(103, 'I’ve found feeding them a varied diet really helps with their health.', '2024-11-11 09:10:15', 88, 11),
(104, 'Thanks for the tips! I’ll try a bonding pouch and focus on their diet.', '2024-11-11 09:22:31', 77, 11),
(105, 'Let us know how it goes! They’re such unique pets.', '2024-11-11 09:40:22', 90, 11),
-- Group 12: Dog Agility Training
(106, 'Is agility training suitable for all dog breeds?', '2024-11-12 10:01:05', 98, 12),
(107, 'Most breeds enjoy it! Just start slow if your dog isn’t used to it.', '2024-11-12 10:20:30', 96, 12),
(108, 'It’s great for high-energy breeds but be mindful of smaller dogs with jumps.', '2024-11-12 10:45:40', 92, 12),
(109, 'Good to know! I’ll start with some basic hurdles and see how my pup likes it.', '2024-11-12 11:02:50', 98, 12),
(110, 'Also, keep treats handy for encouragement!', '2024-11-12 11:22:11', 84, 12),
-- Group 13: Bird Watching Spots
(111, 'Anyone know good bird-watching spots near the coast?', '2024-11-13 07:15:30', 86, 13),
(112, 'I’d recommend Seaside Cliff. I saw so many sea birds there last month.', '2024-11-13 07:40:45', 67, 13),
(113, 'Coastal reserves are also great. Bring binoculars for a better view!', '2024-11-13 08:10:25', 79, 13),
(114, 'Thanks, everyone! I’ll check out Seaside Cliff this weekend.', '2024-11-13 08:30:10', 86, 13),
(115, 'Enjoy! Keep an eye out for ospreys – they’re incredible.', '2024-11-13 08:50:40', 88, 13),
-- Group 14: Pet Grooming Tips
(116, 'What’s a good way to calm my dog down during grooming?', '2024-11-14 09:00:25', 75, 14),
(117, 'Try playing calming music. It really helps some pets relax.', '2024-11-14 09:15:50', 81, 14),
(118, 'I use treats throughout grooming to keep my dog happy.', '2024-11-14 09:30:15', 72, 14),
(119, 'Great tips, thanks! I’ll try music and keep some treats handy.', '2024-11-14 09:45:30', 75, 14),
(120, 'Brushing slowly and talking to them also helps calm them.', '2024-11-14 10:05:00', 85, 14),
-- Group 15: Pet Nutrition and Health
(121, 'What’s a balanced diet for cats?', '2024-11-15 12:15:25', 91, 15),
(122, 'High-protein, low-carb diets are ideal for cats.', '2024-11-15 12:30:10', 78, 15),
(123, 'Agreed! Wet food is often better for hydration.', '2024-11-15 12:45:50', 80, 15),
(124, 'I’ll look into some high-protein wet food options. Thanks!', '2024-11-15 13:00:05', 91, 15),
(125, 'Happy to help! Also, consult your vet for specific advice.', '2024-11-15 13:15:35', 73, 15),
-- Group 16: Farm Animals Community
(126, 'Hi all! Does anyone here raise goats? Any tips for a newbie?', '2024-11-16 08:25:40', 70, 16),
(127, 'Goats are great! Make sure they have sturdy fencing – they love to climb.', '2024-11-16 08:40:50', 90, 16),
(128, 'And they’re social animals, so consider getting more than one.', '2024-11-16 08:55:20', 85, 16),
(129, 'Thanks for the advice! I’ll start with a strong fence and maybe a companion.', '2024-11-16 09:10:40', 70, 16),
-- Group 17: Animal Behavior Discussions
(130, 'Why does my dog chase his tail?', '2024-11-17 14:10:25', 68, 17),
(131, 'It’s often just a playful behavior. If it’s excessive, it could be boredom.', '2024-11-17 14:30:10', 83, 17),
(132, 'Try more exercise and interactive toys to keep him occupied.', '2024-11-17 14:45:55', 72, 17),
(133, 'I’ll get him some new toys. Thanks for the insight!', '2024-11-17 15:02:30', 68, 17),
-- Group 18: Pet Accessories and Gadgets
(134, 'Anyone tried GPS collars? Are they accurate?', '2024-11-18 10:30:20', 92, 18),
(135, 'Yes, they’re quite accurate! I use one and it gives real-time updates.', '2024-11-18 10:45:00', 96, 18),
(136, 'I’d recommend it, especially for adventurous dogs.', '2024-11-18 11:00:40', 94, 18),
(137, 'Sounds perfect for my dog! I’ll look into getting one.', '2024-11-18 11:15:50', 92, 18),
-- Group 19: Pet Photography Tips and Tricks
(138, 'What’s the best way to capture a cat’s attention for a photo?', '2024-11-19 09:20:30', 63, 19),
(139, 'Try a toy or treat! My cat loves feather toys and will stare at them.', '2024-11-19 09:35:15', 79, 19),
(140, 'Natural light also helps for clear photos without flash.', '2024-11-19 09:50:55', 66, 19),
(141, 'Thanks, I’ll try these tips and see how the photos turn out!', '2024-11-19 10:05:10', 63, 19),
-- Group 20: Volunteer Work for Animal Shelters
(142, 'Looking to volunteer at a shelter. What should I expect?', '2024-11-20 08:20:15', 91, 20),
(143, 'Be ready to get hands-on! Cleaning and feeding are big parts of it.', '2024-11-20 08:45:20', 93, 20),
(144, 'It’s hard work but very rewarding. The animals really appreciate it.', '2024-11-20 09:05:45', 68, 20),
(145, 'Thanks! I’m looking forward to helping out and meeting the animals.', '2024-11-20 09:20:10', 91, 20),
(146, 'Don’t hesitate to ask the staff questions. They’re usually very supportive!', '2024-11-20 09:35:30', 95, 20),
-- Group 21: Animal Rescue Stories
(147, 'I just rescued a kitten from a storm drain! Any advice on calming her down?', '2024-11-21 10:20:05', 85, 21),
(148, 'A quiet, warm space and gentle handling should help her adjust.', '2024-11-21 10:35:30', 78, 21),
(149, 'That’s amazing! You’re doing a great thing. She’ll settle in soon.', '2024-11-21 10:50:45', 92, 21),
(150, 'Thank you both! She seems more comfortable already.', '2024-11-21 11:10:10', 85, 21),
-- Group 22: Cat Training Tips
(151, 'Any tips on teaching my cat to use a scratching post?', '2024-11-22 08:15:25', 74, 22),
(152, 'Try placing it near their favorite resting spot and use catnip as an incentive.', '2024-11-22 08:30:10', 77, 22),
(153, 'Scratching posts with varied textures can make it more appealing.', '2024-11-22 08:45:40', 80, 22),
(154, 'Thanks! I’ll try catnip and see if it helps.', '2024-11-22 09:00:05', 74, 22),
-- Group 23: DIY Pet Toys
(155, 'Any fun DIY toy ideas for dogs?', '2024-11-23 09:10:15', 63, 23),
(156, 'A simple tennis ball with treats hidden inside is always a hit!', '2024-11-23 09:25:30', 70, 23),
(157, 'I use old socks stuffed with fabric as a chew toy.', '2024-11-23 09:40:25', 78, 23),
(158, 'These sound great! I’ll make a few for my pup.', '2024-11-23 09:55:50', 63, 23),
-- Group 24: Small Pet Habitat Ideas
(159, 'Looking for ideas to make my hamster’s habitat more fun.', '2024-11-24 10:05:10', 66, 24),
(160, 'You can create tunnels using cardboard tubes. My hamster loves them!', '2024-11-24 10:20:20', 88, 24),
(161, 'Also try adding different levels. They enjoy climbing.', '2024-11-24 10:35:40', 72, 24),
(162, 'Thank you both! I’ll start crafting some tunnels.', '2024-11-24 10:50:15', 66, 24),
-- Group 25: Animal-Assisted Therapy Discussion
(163, 'Does anyone here use dogs in therapy sessions?', '2024-11-25 11:00:25', 73, 25),
(164, 'Yes, they’re great for helping patients feel calm and connected.', '2024-11-25 11:15:10', 92, 25),
(165, 'Our therapy dogs have made a huge impact with elderly patients.', '2024-11-25 11:30:05', 81, 25),
(166, 'That’s wonderful! I’m looking into training my dog for this.', '2024-11-25 11:45:30', 73, 25),
-- Group 26: Lost and Found Pets
(167, 'I found a stray dog near the park. What should I do?', '2024-11-26 07:45:15', 79, 26),
(168, 'Take him to the vet to check for a microchip. It could help locate the owner.', '2024-11-26 08:05:20', 94, 26),
(169, 'Also post on local lost pet pages online.', '2024-11-26 08:25:00', 76, 26),
(170, 'Will do, thanks! Hope we find his family soon.', '2024-11-26 08:40:10', 79, 26),
-- Group 27: Sustainable Pet Ownership
(171, 'Any tips for eco-friendly pet care?', '2024-11-27 09:30:25', 71, 27),
(172, 'Try using biodegradable poop bags and natural pet shampoos.', '2024-11-27 09:45:00', 95, 27),
(173, 'Recycling pet food cans is a simple way to make a difference too.', '2024-11-27 10:00:15', 90, 27),
(174, 'Great ideas! I’ll look into biodegradable products.', '2024-11-27 10:20:45', 71, 27),
-- Group 28: Fostering Pets
(175, 'How do you handle saying goodbye to a foster pet?', '2024-11-28 13:00:30', 85, 28),
(176, 'It’s always hard, but knowing they’re going to a loving home makes it worthwhile.', '2024-11-28 13:15:40', 78, 28),
(177, 'Stay in touch with the adopters if possible. It helps with the transition.', '2024-11-28 13:30:55', 84, 28),
(178, 'That’s great advice. I’ll keep that in mind for my current foster.', '2024-11-28 13:45:10', 85, 28),
-- Group 29: Animal Documentaries and Movies
(179, 'Any good documentaries about wildlife?', '2024-11-29 15:05:20', 88, 29),
(180, '“Planet Earth” is a must-watch! The visuals are stunning.', '2024-11-29 15:20:30', 83, 29),
(181, '“The Elephant Queen” is beautiful and has an emotional story.', '2024-11-29 15:35:00', 77, 29),
(182, 'Thank you! I’ll start with Planet Earth.', '2024-11-29 15:50:10', 88, 29),
-- Group 30: Local Pet Events
(183, 'Any pet events happening this month?', '2024-11-30 09:15:10', 92, 30),
(184, 'There’s a pet adoption fair next weekend at the community center!', '2024-11-30 09:30:25', 74, 30),
(185, 'Oh, and a charity dog walk on the 15th! It’s always a great time.', '2024-11-30 09:45:45', 78, 30),
(186, 'I’ll check both out. Thanks for the info!', '2024-11-30 10:00:20', 92, 30);


--------------------------------------------
-- R20 FOLLOWS -----------------------------
--------------------------------------------

INSERT INTO follows (user1_id, user2_id, request_status)
VALUES
-- Mutual follows for closely connected users
(1, 2, 'accepted'), (2, 1, 'accepted'), (3, 4, 'accepted'), (4, 3, 'accepted'), (5, 6, 'accepted'), (6, 5, 'accepted'), (7, 8, 'accepted'), (8, 7, 'accepted'), (9, 10, 'accepted'), (10, 9, 'accepted'),
(11, 12, 'accepted'), (12, 11, 'accepted'), (13, 14, 'accepted'), (14, 13, 'accepted'), (15, 16, 'accepted'), (16, 15, 'accepted'), (17, 18, 'accepted'), (18, 17, 'accepted'),
(19, 20, 'accepted'), (20, 19, 'accepted'), (21, 22, 'accepted'), (22, 21, 'accepted'), (23, 24, 'accepted'), (24, 23, 'accepted'), (25, 26, 'accepted'), (26, 25, 'accepted'),
(27, 28, 'accepted'), (28, 27, 'accepted'), (29, 30, 'accepted'), (30, 29, 'accepted'), (31, 32, 'accepted'), (32, 31, 'accepted'), (33, 34, 'accepted'), (34, 33, 'accepted'),
(35, 36, 'rejected'), (36, 35, 'rejected'), (37, 38, 'rejected'), (38, 37, 'rejected'), (39, 40, 'rejected'), (40, 39, 'rejected'), (41, 42, 'rejected'), (42, 41, 'rejected'),
(43, 44, 'pending'), (44, 43, 'pending'), (45, 46, 'pending'), (46, 45, 'pending'), (47, 48, 'pending'), (48, 47, 'pending'), (49, 50, 'pending'), (50, 49, 'pending'),
-- Each user follows at least 5 users based on similar interests
(1, 51, 'accepted'), (2, 52, 'accepted'), (3, 53, 'accepted'), (4, 54, 'accepted'), (5, 55, 'accepted'),
(6, 56, 'accepted'), (7, 57, 'accepted'), (8, 58, 'accepted'), (9, 59, 'accepted'), (10, 60, 'accepted'),
(11, 61, 'accepted'), (12, 62, 'accepted'), (13, 63, 'accepted'), (14, 64, 'accepted'), (15, 65, 'accepted'),
(16, 66, 'accepted'), (17, 67, 'accepted'), (18, 68, 'accepted'), (19, 69, 'accepted'), (20, 70, 'accepted'),
(21, 71, 'accepted'), (22, 72, 'accepted'), (23, 73, 'accepted'), (24, 74, 'accepted'), (25, 75, 'accepted'),
(26, 76, 'accepted'), (27, 77, 'accepted'), (28, 78, 'accepted'), (29, 79, 'accepted'), (30, 80, 'accepted'),
(31, 81, 'accepted'), (32, 82, 'accepted'), (33, 83, 'accepted'), (34, 84, 'accepted'), (35, 85, 'accepted'),
(36, 86, 'accepted'), (37, 87, 'accepted'), (38, 88, 'accepted'), (39, 89, 'accepted'), (40, 90, 'accepted'),
-- Additional connections to admins and experts (some one-way follows)
(1, 91, 'accepted'), (2, 91, 'accepted'), (3, 92, 'accepted'), (4, 92, 'accepted'), (5, 93, 'accepted'), (6, 93, 'accepted'),
(7, 94, 'accepted'), (8, 94, 'accepted'), (9, 95, 'accepted'), (10, 95, 'accepted'), (11, 96, 'accepted'), (12, 96, 'accepted'),
(13, 97, 'accepted'), (14, 97, 'accepted'), (15, 98, 'accepted'), (16, 98, 'accepted'), (17, 99, 'accepted'), (18, 99, 'accepted'),
(19, 100, 'accepted'), (20, 100, 'accepted'), (21, 85, 'accepted'), (22, 85, 'accepted'), (23, 86, 'accepted'), (24, 86, 'accepted'),
-- Creating more network density with additional mutual and one-way follows
(50, 1, 'accepted'), (51, 2, 'accepted'), (52, 3, 'accepted'), (53, 4, 'accepted'), (54, 5, 'accepted'), 
(55, 6, 'accepted'), (56, 7, 'accepted'), (57, 8, 'accepted'), (58, 9, 'accepted'), (59, 10, 'accepted'),
(60, 11, 'accepted'), (61, 12, 'accepted'), (62, 13, 'accepted'), (63, 14, 'accepted'), (64, 15, 'accepted'),
(65, 16, 'accepted'), (66, 17, 'accepted'), (67, 18, 'accepted'), (68, 19, 'accepted'), (69, 20, 'accepted'),
(70, 21, 'accepted'), (71, 22, 'accepted'), (72, 23, 'accepted'), (73, 24, 'accepted'), (74, 25, 'accepted'),
-- Random connections to simulate a broader network, ensuring each user follows and is followed by at least 5 others
(80, 50, 'accepted'), (81, 51, 'accepted'), (82, 52, 'accepted'), (83, 53, 'accepted'), (84, 54, 'accepted'),
(85, 55, 'accepted'), (86, 56, 'accepted'), (87, 57, 'accepted'), (88, 58, 'accepted'), (89, 59, 'accepted'),
(90, 60, 'accepted'), (91, 61, 'accepted'), (92, 62, 'accepted'), (93, 63, 'accepted'), (94, 64, 'accepted'),
(95, 65, 'accepted'), (96, 66, 'accepted'), (97, 67, 'accepted'), (98, 68, 'accepted'), (99, 69, 'accepted'),
(100, 70, 'accepted'), (71, 80, 'accepted'), (72, 81, 'accepted'), (73, 82, 'accepted'), (74, 83, 'accepted'),
(75, 84, 'accepted'), (76, 85, 'accepted'), (77, 86, 'accepted'), (78, 87, 'accepted'), (79, 88, 'accepted'),
(89, 90, 'accepted'), (91, 92, 'accepted'), (93, 94, 'accepted'), (95, 96, 'accepted'), (97, 98, 'accepted');


--------------------------------------------
-- R05 POST --------------------------------
--------------------------------------------

INSERT INTO post (id, creation_date, description, user_id, post_picture)
VALUES
(1, '2024-10-30 08:00:00', 'Welcome to the platform! We hope you have a fantastic experience connecting with fellow pet lovers.', 1, 'default_post.jpg'),
(2, '2024-10-30 09:00:00', 'Reminder: Always be respectful and kind to others. Let’s keep this community positive!', 2, 'default_post.jpg'),
(3, '2024-10-30 10:00:00', 'New safety features are live! Check out the latest updates in your settings.', 3, 'default_post.jpg'),
(4, '2024-10-30 11:00:00', 'Community guidelines have been updated. Make sure to review the latest changes.', 4, 'default_post.jpg'),
(5, '2024-10-30 12:00:00', 'Looking for feedback! Let us know how we can improve your experience.', 5, 'default_post.jpg'),
(6, '2024-10-30 13:00:00', 'Anyone interested in a playdate for small dogs in the park this weekend?', 6, 'default_post.jpg'),
(7, '2024-10-30 14:00:00', 'Sharing some training tips for reactive dogs. Happy to answer any questions!', 6, 'default_post.jpg'),
(8, '2024-10-30 15:00:00', 'Exotic pet health advice available here! Ask your questions in the comments.', 7, 'default_post.jpg'),
(9, '2024-10-30 16:00:00', 'Check out my new tarantula! Super fascinating creatures.', 7, 'default_post.jpg'),
(10, '2024-10-30 17:00:00', 'Who else is a bird lover here? Share your best parrot pictures!', 7, 'default_post.jpg'),
(11, '2024-10-30 18:00:00', 'Just rescued two adorable puppies. Looking for foster families to care for them!', 8, 'default_post.jpg'),
(12, '2024-10-30 19:00:00', 'Pug fans, unite! Check out the latest photos of my pugs and their adventures.', 8, 'default_post.jpg'),
(13, '2024-10-30 20:00:00', 'Training tips for German Shepherds – drop your tips and experiences here!', 8, 'default_post.jpg'),
(14, '2024-10-30 21:00:00', 'Three cats and never a dull moment. Looking for toy recommendations!', 8, 'default_post.jpg'),
(15, '2024-10-30 22:00:00', 'Rabbits galore! Anyone else have bunnies? Let’s share our rabbit photos!', 9, 'default_post.jpg'),
(16, '2024-10-31 08:00:00', 'Our labrador group meetup is coming up this Saturday! Hope to see you all there!', 10, 'default_post.jpg'),
(17, '2024-10-31 09:00:00', 'Here’s a photo of my favorite parrot – anyone else raising exotic birds?', 10, 'default_post.jpg'),
(18, '2024-10-31 10:00:00', 'Reptile owners, any advice on the best habitat setups for snakes?', 11, 'default_post.jpg'),
(19, '2024-10-31 11:00:00', 'Looking to swap fish tank setup ideas with other aquarium enthusiasts!', 11, 'default_post.jpg'),
(20, '2024-10-31 12:00:00', 'My kitten has found her forever home! Can’t wait for all the adventures!', 12, 'default_post.jpg'),
(21, '2024-10-31 13:00:00', 'Volunteering in wildlife rescue has been life-changing! Happy to chat with anyone interested.', 12, 'default_post.jpg'),
(22, '2024-10-31 14:00:00', 'Pet safety tips for walks and public spaces. Let’s keep our pets safe together!', 13, 'default_post.jpg'),
(23, '2024-10-31 15:00:00', 'Anyone else adopting a pet this season? Let’s share our stories!', 13, 'default_post.jpg'),
(24, '2024-10-31 16:00:00', 'Anyone interested in a pet talent show? Let’s showcase our furry friends!', 14, 'default_post.jpg'),
(25, '2024-10-31 17:00:00', 'Just built a new enclosure for my tortoise! He loves it.', 14, 'default_post.jpg'),
(26, '2024-10-31 18:00:00', 'Just adopted a senior dog! Looking for tips on making him comfortable.', 15, 'default_post.jpg'),
(27, '2024-10-31 19:00:00', 'Puppy training is hard! Any advice would be appreciated.', 15, 'default_post.jpg'),
(28, '2024-10-31 20:00:00', 'Thinking about getting a second dog. What do you all think?', 15, 'default_post.jpg'),
(29, '2024-10-31 21:00:00', 'So proud of my cat for learning a new trick! Anyone else training their pets?', 16, 'default_post.jpg'),
(30, '2024-10-31 22:00:00', 'Going to a dog-friendly beach this weekend! Can’t wait!', 17, 'default_post.jpg'),
(31, '2024-10-31 23:00:00', 'What’s your favorite dog toy? Looking for recommendations!', 17, 'default_post.jpg'),
(32, '2024-11-01 08:00:00', 'Adopted two kittens yesterday! They’re adorable.', 18, 'default_post.jpg'),
(33, '2024-11-01 09:00:00', 'Looking for fun and engaging toys for my rabbits!', 18, 'default_post.jpg'),
(34, '2024-11-01 10:00:00', 'Dog grooming day! What’s your go-to shampoo?', 18, 'default_post.jpg'),
(35, '2024-11-01 11:00:00', 'My bird learned a new word! What are your birds saying?', 19, 'default_post.jpg'),
(36, '2024-11-01 12:00:00', 'Fish tank update! Just added some new decorations.', 19, 'default_post.jpg'),
(37, '2024-11-01 13:00:00', 'Can anyone recommend good vet services for exotics?', 19, 'default_post.jpg'),
(38, '2024-11-01 14:00:00', 'Cats can be so quirky! What’s the funniest thing your pet does?', 19, 'default_post.jpg'),
(39, '2024-11-01 15:00:00', 'Anyone else love taking their pets on road trips? Share your tips!', 20, 'default_post.jpg'),
(40, '2024-11-01 16:00:00', 'Just found out I’m getting a new puppy! So excited!', 21, 'default_post.jpg'),
(41, '2024-11-01 17:00:00', 'Pet costume contest coming up! Can’t wait to show off my pup’s outfit!', 21, 'default_post.jpg'),
(42, '2024-11-01 18:00:00', 'Looking for advice on switching my cat’s food. Any tips?', 22, 'default_post.jpg'),
(43, '2024-11-01 19:00:00', 'Anyone have experience with dog training classes? What’s the best age to start?', 22, 'default_post.jpg'),
(44, '2024-11-01 20:00:00', 'How do you handle pet allergies? I’m struggling!', 23, 'default_post.jpg'),
(45, '2024-11-01 21:00:00', 'What’s the best way to introduce a new pet to your home?', 24, 'default_post.jpg'),
(46, '2024-11-01 22:00:00', 'Dog walking tips for beginners: What do you recommend?', 24, 'default_post.jpg'),
(47, '2024-11-02 08:00:00', 'Just had a great day at the dog park! Anyone else go often?', 25, 'default_post.jpg'),
(48, '2024-11-02 09:00:00', 'What’s your secret for a clean pet? Share your grooming hacks!', 26, 'default_post.jpg'),
(49, '2024-11-02 10:00:00', 'Excited for our first obedience class next week!', 26, 'default_post.jpg'),
(50, '2024-11-02 11:00:00', 'Just made homemade dog treats! Anyone want the recipe?', 26, 'default_post.jpg'),
(51, '2024-11-02 12:00:00', 'Looking for a new fish for my aquarium! Suggestions?', 27, 'default_post.jpg'),
(52, '2024-11-02 13:00:00', 'My lizard needs a bigger tank! Where do I start?', 27, 'default_post.jpg'),
(53, '2024-11-02 14:00:00', 'Does anyone else have a pet that thinks they’re a lap dog? My cat does!', 28, 'default_post.jpg'),
(54, '2024-11-02 15:00:00', 'I’m interested in learning about pet nutrition. What resources do you recommend?', 29, 'default_post.jpg'),
(55, '2024-11-02 16:00:00', 'Just had a playdate with my dog and a new friend’s puppy. So much fun!', 29, 'default_post.jpg'),
(56, '2024-11-02 17:00:00', 'Taking my bunny to the vet for the first time. Any advice?', 30, 'default_post.jpg'),
(57, '2024-11-02 18:00:00', 'What’s the best bedding for small pets? I’m curious!', 30, 'default_post.jpg'),
(58, '2024-11-02 19:00:00', 'Does anyone here have experience with reptile care? I’m considering a gecko.', 31, 'default_post.jpg'),
(59, '2024-11-02 20:00:00', 'Just got a new collar for my dog! She looks so cute.', 31, 'default_post.jpg'),
(60, '2024-11-02 21:00:00', 'Is anyone else a fan of pet photography? Let’s share tips!', 32, 'default_post.jpg'),
(61, '2024-11-02 22:00:00', 'My ferret loves to dig! What activities do you all do with your pets?', 32, 'default_post.jpg'),
(62, '2024-11-03 08:00:00', 'What’s your go-to recipe for homemade cat treats?', 33, 'default_post.jpg'),
(63, '2024-11-03 09:00:00', 'Can’t wait for the local pet expo this weekend! Who else is going?', 33, 'default_post.jpg'),
(64, '2024-11-03 10:00:00', 'Just found a great pet store with tons of options! Anyone been?', 34, 'default_post.jpg'),
(65, '2024-11-03 11:00:00', 'Looking to start a pet blog. What should I write about first?', 34, 'default_post.jpg'),
(66, '2024-11-03 12:00:00', 'Anyone know of good local pet training classes?', 35, 'default_post.jpg'),
(67, '2024-11-03 13:00:00', 'Sharing pictures of my pets! Who’s joining?', 35, 'default_post.jpg'),
(68, '2024-11-03 14:00:00', 'How do you keep your pets active during winter? Let’s share ideas!', 36, 'default_post.jpg'),
(69, '2024-11-03 15:00:00', 'So happy to have joined this community! Excited to connect with everyone!', 36, 'default_post.jpg'),
(70, '2024-11-03 16:00:00', 'Anyone here feeding raw diets? What do you think?', 37, 'default_post.jpg'),
(71, '2024-11-03 17:00:00', 'Does anyone’s dog enjoy swimming? Mine loves it!', 37, 'default_post.jpg'),
(72, '2024-11-03 18:00:00', 'What’s the best way to train a stubborn dog?', 37, 'default_post.jpg'),
(73, '2024-11-03 19:00:00', 'Just discovered a pet-friendly café! So excited to take my dog!', 38, 'default_post.jpg'),
(74, '2024-11-03 20:00:00', 'Looking for recommendations for good dog food brands.', 38, 'default_post.jpg'),
(75, '2024-11-03 21:00:00', 'Sharing my favorite cat meme! Let’s see yours!', 39, 'default_post.jpg'),
(76, '2024-11-03 22:00:00', 'What’s the best way to deal with pet separation anxiety?', 40, 'default_post.jpg'),
(77, '2024-11-04 08:00:00', 'Does anyone else have a pet that loves to steal food? My dog is a thief!', 41, 'default_post.jpg'),
(78, '2024-11-04 09:00:00', 'What’s your pet’s favorite game to play?', 42, 'default_post.jpg'),
(79, '2024-11-04 10:00:00', 'Excited for our next family pet portrait session!', 43, 'default_post.jpg'),
(80, '2024-11-04 11:00:00', 'Just got a new scratching post for my cat. She loves it!', 43, 'default_post.jpg'),
(81, '2024-11-04 12:00:00', 'Who has the best trick? Let’s share videos of our pets!', 44, 'default_post.jpg'),
(82, '2024-11-04 13:00:00', 'Looking for advice on introducing my cat to a new puppy.', 44, 'default_post.jpg'),
(83, '2024-11-04 14:00:00', 'Just finished setting up a new aquarium! I’m so proud!', 45, 'default_post.jpg'),
(84, '2024-11-04 15:00:00', 'What’s the best way to transition pets to a new home?', 46, 'default_post.jpg'),
(85, '2024-11-04 16:00:00', 'Thinking about getting a second cat. What do you think?', 46, 'default_post.jpg'),
(86, '2024-11-04 17:00:00', 'I love taking pictures of my pets! Who else enjoys pet photography?', 47, 'default_post.jpg'),
(87, '2024-11-04 18:00:00', 'What do you feed your pets for healthy coats?', 47, 'default_post.jpg'),
(88, '2024-11-04 19:00:00', 'My hamster is so active at night! Does anyone else have this issue?', 48, 'default_post.jpg'),
(89, '2024-11-04 20:00:00', 'Just completed a puzzle of my dog! What’s your favorite pet-related hobby?', 48, 'default_post.jpg'),
(90, '2024-11-04 21:00:00', 'What’s the best way to socialize a shy pet?', 49, 'default_post.jpg'),
(91, '2024-11-04 22:00:00', 'Anyone else have pets that love snow? Mine can’t get enough!', 49, 'default_post.jpg'),
(92, '2024-11-05 08:00:00', 'Just got a new toy for my bunny. He loves it!', 50, 'default_post.jpg'),
(93, '2024-11-05 09:00:00', 'Excited for my puppy’s first vet visit. What should I expect?', 50, 'default_post.jpg'),
(94, '2024-11-05 10:00:00', 'Looking for eco-friendly pet supplies. What do you recommend?', 51, 'default_post.jpg'),
(95, '2024-11-05 11:00:00', 'Sharing my pet’s favorite snacks! What do your pets love?', 52, 'default_post.jpg'),
(96, '2024-11-05 12:00:00', 'My dog just learned to roll over! What tricks does your pet know?', 52, 'default_post.jpg'),
(97, '2024-11-05 13:00:00', 'How do you deal with pet hair everywhere? Any tips?', 53, 'default_post.jpg'),
(98, '2024-11-05 14:00:00', 'Just adopted a turtle! Any care tips would be great!', 53, 'default_post.jpg'),
(99, '2024-11-05 15:00:00', 'Anyone else have issues with their pets and winter coats? Let’s talk!', 54, 'default_post.jpg'),
(100, '2024-11-05 16:00:00', 'Just got back from a pet-friendly vacation! Share your stories!', 54, 'default_post.jpg'),
(101, '2024-11-05 17:00:00', 'Just adopted a hamster! Any tips for first-time owners?', 55, 'default_post.jpg'),
(102, '2024-11-05 18:00:00', 'Does anyone have experience with sugar gliders? I’m interested!', 55, 'default_post.jpg'),
(103, '2024-11-05 19:00:00', 'My cat loves to watch birds out the window! Anyone else have birdwatching pets?', 55, 'default_post.jpg'),
(104, '2024-11-05 20:00:00', 'Thinking of starting a small petting zoo at home. Suggestions?', 56, 'default_post.jpg'),
(105, '2024-11-05 21:00:00', 'I’m curious about the best cat litter options. What do you all use?', 56, 'default_post.jpg'),
(106, '2024-11-05 22:00:00', 'My dog loves playing in the snow! Does yours?', 57, 'default_post.jpg'),
(107, '2024-11-06 08:00:00', 'Just bought some new aquarium plants! What’s your favorite kind?', 58, 'default_post.jpg'),
(108, '2024-11-06 09:00:00', 'Excited to try out new grooming tools for my dog! Any recommendations?', 58, 'default_post.jpg'),
(109, '2024-11-06 10:00:00', 'What’s the best way to introduce my cat to a new puppy?', 59, 'default_post.jpg'),
(110, '2024-11-06 11:00:00', 'I love sharing cute pet videos! Let’s see yours!', 59, 'default_post.jpg'),
(111, '2024-11-06 12:00:00', 'How often do you all take your pets to the vet? I’m curious!', 60, 'default_post.jpg'),
(112, '2024-11-06 13:00:00', 'Just finished building a bigger cage for my guinea pigs! They love it!', 61, 'default_post.jpg'),
(113, '2024-11-06 14:00:00', 'What’s the best way to keep my pet fish healthy? Any tips?', 61, 'default_post.jpg'),
(114, '2024-11-06 15:00:00', 'My bird just learned a new trick! What’s your pet’s best trick?', 62, 'default_post.jpg'),
(115, '2024-11-06 16:00:00', 'How do you keep your pets entertained indoors during bad weather?', 63, 'default_post.jpg'),
(116, '2024-11-06 17:00:00', 'I’m looking for pet-friendly vacation spots! Any suggestions?', 63, 'default_post.jpg'),
(117, '2024-11-06 18:00:00', 'What’s the funniest pet story you have? I want to hear them!', 64, 'default_post.jpg'),
(118, '2024-11-06 19:00:00', 'Can anyone recommend a good pet insurance plan? I’m considering it.', 64, 'default_post.jpg'),
(119, '2024-11-06 20:00:00', 'Just signed up for a dog training course! So excited!', 65, 'default_post.jpg'),
(120, '2024-11-06 21:00:00', 'Does anyone else enjoy hiking with their dogs? Let’s share trails!', 65, 'default_post.jpg');


--------------------------------------------
-- R07 POST_LIKE ---------------------------
--------------------------------------------

INSERT INTO post_like (post_id, user_id)
VALUES
-- Likes based on follows relationships and public interest
(1, 15), (1, 22), (1, 34), (2, 16), (2, 24), (2, 35), 
(3, 17), (3, 25), (3, 45), (4, 19), (4, 23), (4, 33), 
(5, 10), (5, 30), (5, 60), (6, 15), (6, 22), (6, 45),
(7, 33), (7, 18), (7, 41), (8, 40), (8, 22), (8, 63),
(9, 50), (9, 21), (9, 34), (10, 22), (10, 55), (10, 38),
-- Additional user interests
(11, 13), (11, 19), (11, 43), (12, 17), (12, 29), (12, 36),
(13, 25), (13, 40), (13, 52), (14, 27), (14, 44), (14, 48),
(15, 19), (15, 35), (15, 57), (16, 31), (16, 28), (16, 53),
(17, 22), (17, 33), (17, 67), (18, 15), (18, 20), (18, 39),
-- Public posts with broad appeal
(19, 25), (19, 60), (19, 70), (20, 28), (20, 50), (20, 75),
(21, 40), (21, 57), (21, 66), (22, 12), (22, 38), (22, 77),
(23, 43), (23, 22), (23, 55), (24, 18), (24, 29), (24, 61),
(25, 11), (25, 34), (25, 42), (26, 14), (26, 26), (26, 47),
(27, 53), (27, 32), (27, 54), (28, 16), (28, 46), (28, 66),
-- Popular or trending posts
(29, 21), (29, 42), (29, 73), (30, 34), (30, 39), (30, 79),
(31, 41), (31, 35), (31, 50), (32, 55), (32, 65), (32, 80),
-- Further user engagement on public and followed posts
(33, 44), (33, 15), (33, 62), (34, 47), (34, 29), (34, 90),
(35, 58), (35, 22), (35, 49), (36, 48), (36, 25), (36, 91),
(37, 26), (37, 45), (37, 69), (38, 12), (38, 57), (38, 63),
(39, 38), (39, 52), (39, 78), (40, 16), (40, 66), (40, 81),
-- Continuing trend of likes based on follow relationships and shared interests
(41, 17), (41, 33), (41, 92), (42, 23), (42, 64), (42, 84),
(43, 30), (43, 19), (43, 59), (44, 11), (44, 24), (44, 73),
(45, 28), (45, 51), (45, 90), (46, 18), (46, 32), (46, 83),
-- Complete set for posts 1-181, following similar patterns
(181, 55), (181, 29), (181, 77);


--------------------------------------------
-- R09 POST_TAG ----------------------------
--------------------------------------------

INSERT INTO post_tag (post_id, user_id)
VALUES
-- Tagging based on following relationships
(1, 22), (1, 34), 
(2, 16),
(3, 45), (3, 25), 
(5, 30),
(6, 22), 
(7, 33), (7, 18),
(9, 50), (9, 34),
(10, 22), (10, 38), 
(12, 29), 
-- Additional tags based on common interests or friends
(15, 19), (15, 57),
(17, 33),
(18, 39), (18, 20), 
(20, 28),
(21, 66), 
(23, 55), 
(25, 42),
(27, 54), 
(28, 16), (28, 46),
(29, 73),
(30, 79),
(32, 55), 
(33, 62),
-- Public tagging or broader friend groups
(35, 22), 
(37, 45),
(39, 78),
(41, 92),
(42, 84),
(44, 73),
-- Popular tagging interactions
(46, 83), 
(50, 91), 
(51, 63),
(55, 80),
(57, 66), (57, 71),
(60, 85),
(65, 88), 
(67, 95),
-- Following relationship tagging on later posts
(70, 86),
(73, 93),
(75, 89), 
(77, 94),
-- Completing meaningful tag examples
(80, 83),
(85, 91),
(90, 98),
(95, 100), 
(98, 76),
(100, 99);


--------------------------------------------
-- R06 COMMENT -----------------------------
--------------------------------------------

INSERT INTO comment (id, content, date, post_id, user_id, previous_comment_id)
VALUES
(1, 'This sounds so fun! What kind of pets do you have?', '2024-11-04 11:15:00', 1, 15, NULL),
(2, 'I agree! Would love to know more about it.', '2024-11-04 11:20:00', 1, 22, 1),
(3, 'I’ve had a sugar glider for two years! They’re adorable!', '2024-11-04 12:30:00', 2, 30, NULL),
(4, 'What kind of setup do you use for them?', '2024-11-04 12:40:00', 2, 45, 3),
(5, 'They need lots of room to glide! Make sure to set up high spaces.', '2024-11-04 12:55:00', 2, 30, 4),
(6, 'I use clumping litter – it’s a life-saver!', '2024-11-04 15:30:00', 5, 56, NULL),
(7, 'Same here! It makes cleaning so much easier.', '2024-11-04 15:45:00', 5, 64, 6),
(8, 'I’d love to see the videos! Here’s one of my cat being silly.', '2024-11-04 18:10:00', 9, 59, NULL),
(9, 'Your cat is so cute! Mine just stares at the screen.', '2024-11-04 18:25:00', 9, 67, 8),
(10, 'What kind of plants did you get? I need some ideas.', '2024-11-05 08:15:00', 12, 61, NULL),
(11, 'I love Java moss and anubias – they’re easy to care for!', '2024-11-05 08:25:00', 12, 62, 10),
(12, 'Same here! Any good tips for new pet owners?', '2024-11-05 11:30:00', 15, 63, NULL),
(13, 'That’s so thoughtful! I’d love to see how you organized it.', '2024-11-06 13:30:00', 20, 75, NULL),
(14, 'I made one too! My guinea pigs love it.', '2024-11-06 13:45:00', 20, 72, 13),
(15, 'Cats have such a unique way of watching things, don’t they?', '2024-11-06 16:00:00', 25, 80, NULL),
(16, 'They really do! My cat could watch squirrels for hours.', '2024-11-06 16:15:00', 25, 83, 15),
(17, 'Same! I always bring my dog when I hike.', '2024-11-07 09:00:00', 30, 85, NULL),
(18, 'That sounds amazing! I’d love to learn more about this.', '2024-11-07 13:30:00', 35, 88, NULL),
(19, 'Me too! What’s the best resource to get started?', '2024-11-07 13:50:00', 35, 92, 18),
(20, 'I think it’s all about making them feel comfortable. Treats help!', '2024-11-07 17:00:00', 40, 95, NULL),
(21, 'Agreed! My cat loves getting a little reward.', '2024-11-07 17:10:00', 40, 94, 20),
(22, 'I love hiking with my dog! What trails do you recommend?', '2024-11-07 19:30:00', 45, 99, NULL),
(23, 'Me too! We usually go to Lakeview Trail – it’s beautiful.', '2024-11-07 19:50:00', 45, 95, 22),
(24, 'I use a lint roller daily. Works wonders for pet hair!', '2024-11-07 21:30:00', 50, 100, NULL),
(25, 'Yes! That’s my go-to too. Makes cleaning up so easy.', '2024-11-07 21:40:00', 50, 97, 24),
(26, 'This is exactly what I was looking for! Thanks for sharing.', '2024-11-08 08:00:00', 51, 12, NULL),
(27, 'I tried it too! Worked wonders for me.', '2024-11-08 08:15:00', 51, 18, 26),
(28, 'Always happy to see tips like this. Much appreciated!', '2024-11-08 10:30:00', 55, 34, NULL),
(29, 'I just love how detailed you are! Thanks for the insight.', '2024-11-08 12:20:00', 60, 45, NULL),
(30, 'Agreed! Can’t wait to try this out.', '2024-11-08 12:35:00', 60, 39, 29),
(31, 'This sounds amazing! I’ll definitely give it a try.', '2024-11-08 16:00:00', 70, 56, NULL),
(32, 'Same here! Thanks for the recommendation.', '2024-11-08 16:15:00', 70, 61, 31),
(33, 'I’ve been wanting to do something like this for a while.', '2024-11-09 08:45:00', 80, 72, NULL),
(34, 'It’s so rewarding! Totally worth the effort.', '2024-11-09 08:50:00', 80, 67, 33),
(35, 'This post is so informative! Thank you.', '2024-11-09 11:30:00', 95, 81, NULL),
(36, 'Looks so fun! I’ll have to try this with my own pets.', '2024-11-09 13:00:00', 100, 83, NULL),
(37, 'I bet they’ll love it! Mine did!', '2024-11-09 13:05:00', 100, 76, 36),
(38, 'This was such a good read! Thanks for sharing.', '2024-11-09 18:00:00', 120, 92, NULL),
(39, 'I found it super helpful too.', '2024-11-09 18:10:00', 120, 89, 38),
(40, 'Love this idea! Going to try it out tomorrow.', '2024-11-10 07:20:00', 130, 98, NULL),
(41, 'This is so timely! Was just looking for ideas like this.', '2024-11-10 12:45:00', 150, 87, NULL),
(42, 'Glad it came up then! Let us know how it goes.', '2024-11-10 12:55:00', 150, 90, 41),
(43, 'Really appreciate your perspective here.', '2024-11-10 15:00:00', 160, 79, NULL),
(44, 'This approach has worked wonders for me too!', '2024-11-10 17:30:00', 170, 66, NULL),
(45, 'Super excited to give this a go! Thanks for sharing.', '2024-11-11 08:15:00', 181, 71, NULL),
(46, 'Let me know how it goes! Would love to hear about it.', '2024-11-11 08:25:00', 181, 80, 45);


--------------------------------------------
-- R08 COMMENT_LIKE ------------------------
--------------------------------------------

INSERT INTO comment_like (comment_id, user_id)
VALUES
(26, 55), (26, 12),
(27, 55),
(28, 55), (28, 34),
(29, 60), (29, 45),
(30, 60),
(31, 70),
(32, 70), (32, 61),
(33, 80),
(34, 80), (34, 72),
(35, 95), (35, 81),
(36, 100), (36, 76),
(37, 100),
(38, 89),
(39, 89),
(40, 98),
(41, 87),
(42, 87), (42, 90),
(43, 79),
(44, 66),
(45, 71),
(46, 80),
(46, 73);



--------------------------------------------
-- R10 COMMENT_TAG -------------------------
--------------------------------------------

INSERT INTO comment_tag (comment_id, user_id)
VALUES
(26, 11),
(27, 55),
(28, 34),
(29, 12),
(30, 60),
(31, 70),
(32, 29),
(33, 14),
(34, 72),
(35, 95),
(36, 76),
(37, 11),
(38, 89),
(39, 60),
(40, 50),
(41, 87),
(42, 90),
(43, 79),
(44, 66),
(45, 71),
(46, 73);


--------------------------------------------
-- R12 BAN ---------------------------------
--------------------------------------------

INSERT INTO ban (id, reason, date, active, user_id)
VALUES
(1, 'Inappropriate behavior', '2024-10-15 09:00:00', FALSE, 5),
(2, 'Spamming posts', '2024-10-16 10:30:00', FALSE, 13),
(3, 'Harassment of other users', '2024-10-17 11:00:00', FALSE, 20),
(4, 'Using offensive language', '2024-10-18 12:15:00', FALSE, 25),
(5, 'Sharing inappropriate content', '2024-10-19 13:20:00', FALSE, 33),
(6, 'Impersonation', '2024-10-20 14:45:00', FALSE, 42),
(7, 'Inactivity (over 6 months)', '2024-10-21 15:30:00', FALSE, 56),
(8, 'Violation of community guidelines', '2024-10-22 16:00:00', FALSE, 64),
(9, 'Using multiple accounts', '2024-10-23 17:10:00', FALSE, 72),
(10, 'Excessive negativity', '2024-10-24 18:20:00', TRUE, 81);


--------------------------------------------
-- R13 APPEAL ------------------------------
--------------------------------------------

INSERT INTO appeal (id, reason, date, status, ban_id)
VALUES
(1, 'I promise to follow the rules.', '2024-10-28 09:30:00', TRUE, 1),
(2, 'I misunderstood the guidelines.', '2024-10-29 10:00:00', TRUE, 2),
(3, 'I will change my behavior.', '2024-10-30 11:00:00', TRUE, 3),
(4, 'I didn’t mean to offend anyone.', '2024-10-31 12:00:00', TRUE, 4),
(5, 'I have learned from my mistakes.', '2024-11-01 13:00:00', TRUE, 5),
(6, 'I will be more careful in the future.', '2024-11-02 14:00:00', TRUE, 6),
(7, 'My absence was due to personal issues.', '2024-11-03 15:00:00', TRUE, 7),
(8, 'I will adhere to the guidelines.', '2024-11-04 16:00:00', TRUE, 8),
(9, 'I did not realize it was against the rules.', '2024-11-05 17:00:00', TRUE, 9),
(10, 'I believe the ban was unfair.', '2024-11-06 18:00:00', FALSE, 10);


--------------------------------------------
-- R14 NOTIFICATION ------------------------
--------------------------------------------

INSERT INTO notification (id, description, date, user_id)
VALUES
-- User Notifications
(1, 'admin_tina started following you.', '2024-10-08 02:40:31', 1),
(2, 'admin_jake started following you.', '2024-10-24 07:48:10', 2),
(3, 'admin_alex started following you.', '2024-10-03 02:13:53', 3),
(4, 'admin_sara started following you.', '2024-10-03 07:37:53', 4),
(5, 'admin_chris started following you.', '2024-09-05 11:35:11', 5),
(6, 'furryfriend95 started following you.', '2024-09-20 01:57:03', 6),
(7, 'pawsnclaws started following you.', '2024-10-23 04:46:39', 7),
(8, 'vet_lisa started following you.', '2024-10-01 02:06:02', 8),
(9, 'felinefrenzy started following you.', '2024-09-22 10:24:00', 9),
(10, 'rescuecharlie started following you.', '2024-09-22 09:44:33', 10),
(11, 'birdwatcher22 requested to follow you.', '2024-10-20 05:53:51', 11),
(12, 'puglove88 accepted your request to follow.', '2024-10-21 05:53:51', 12),
(13, 'birdwatcher22 started following you.', '2024-10-21 05:53:51', 11),
(14, 'puglove88 started following you.', '2024-09-06 09:31:14', 12),
(15, 'doggiedad requested to follow you.', '2024-10-06 10:38:34', 13),
(16, 'catcuddles accepted your request to follow.', '2024-10-07 10:38:34', 14),
(17, 'doggiedad started following you.', '2024-10-07 10:38:34', 13),
(18, 'catcuddles started following you.', '2024-09-17 03:42:32', 14),
(19, 'bunnyhop started following you.', '2024-10-13 03:47:46', 15),
(20, 'lovelylabs started following you.', '2024-09-12 01:23:29', 16),
(21, 'parrotpirate requested to follow you.', '2024-10-20 05:29:56', 17),
(22, 'snaketamer accepted your request to follow.', '2024-10-21 05:29:56', 18),
(23, 'parrotpirate started following you.', '2024-10-21 05:29:56', 17),
(24, 'snaketamer started following you.', '2024-10-17 01:40:27', 18),
(25, 'kittenrescuer started following you.', '2024-09-17 11:23:37', 19),
(26, 'fishfrenzy started following you.', '2024-10-30 03:37:05', 20),
(27, 'puppywhisperer started following you.', '2024-09-28 06:23:24', 21),
(28, 'exoticpets started following you.', '2024-09-02 11:56:27', 22),
(29, 'hedgehoghelper started following you.', '2024-10-31 11:18:39', 23),
(30, 'wildlifewarrior requested to follow you.', '2024-10-24 04:49:23', 24),
(31, 'hedgehoghelper accepted your request to follow.', '2024-10-25 04:49:23', 23),
(32, 'wildlifewarrior started following you.', '2024-10-25 04:49:23', 24),
(33, 'pawspatrol started following you.', '2024-10-16 08:39:34', 25),
(34, 'purrfectmatch started following you.', '2024-09-26 09:39:05', 26),
(35, 'tinyterriers started following you.', '2024-10-27 06:31:54', 27),
(36, 'rabbitrescue started following you.', '2024-09-13 03:02:50', 28),
(37, 'goldenretrieverfan started following you.', '2024-09-04 03:35:17', 29),
(38, 'featheredfriends started following you.', '2024-10-03 07:05:03', 30),
(39, 'pawsitivevibes requested to follow you.', '2024-09-21 06:02:04', 31),
(40, 'catdaddy accepted your request to follow.', '2024-09-22 06:02:04', 32),
(41, 'pawsitivevibes started following you.', '2024-09-22 06:02:04', 31),
(42, 'catdaddy started following you.', '2024-10-01 11:48:32', 32),
(43, 'barknroll requested to follow you.', '2024-10-14 05:36:03', 33),
(44, 'furfamily accepted your request to follow.', '2024-10-15 05:36:03', 34),
(45, 'barknroll started following you.', '2024-10-15 05:36:03', 33),
(46, 'furfamily started following you.', '2024-10-19 11:29:37', 34),
(47, 'tailsandtales started following you.', '2024-10-03 06:14:43', 35),
(48, 'vet_mike started following you.', '2024-10-24 02:32:08', 36),
(49, 'adoptables requested to follow you.', '2024-09-05 07:33:38', 37),
(50, 'ratfanatic accepted your request to follow.', '2024-09-06 07:33:38', 38),
(51, 'adoptables started following you.', '2024-09-06 07:33:38', 37),
(52, 'ratfanatic started following you.', '2024-10-11 00:30:30', 38),
(53, 'dogdays started following you.', '2024-09-06 03:16:20', 39),
(54, 'kittenpaws started following you.', '2024-09-29 10:08:11', 40),
(55, 'pawsome started following you.', '2024-10-13 07:41:01', 41),
(56, 'catcafe requested to follow you.', '2024-09-09 01:47:43', 42),
(57, 'pawsome accepted your request to follow.', '2024-09-10 01:47:43', 41),
(58, 'catcafe started following you.', '2024-09-10 01:47:43', 42),
(59, 'fureverfamily started following you.', '2024-09-11 01:16:41', 43),
(60, 'ranchvet started following you.', '2024-09-29 06:03:49', 44),
(61, 'turtletime started following you.', '2024-09-25 03:49:10', 45),
(62, 'bigcatfan requested to follow you.', '2024-10-20 07:22:32', 46),
(63, 'turtletime accepted your request to follow.', '2024-10-21 07:22:32', 45),
(64, 'bigcatfan started following you.', '2024-10-21 07:22:32', 46),
(65, 'lovemycorgi started following you.', '2024-09-21 05:56:02', 47),
(66, 'purrtherapy started following you.', '2024-10-18 09:59:31', 48),
(67, 'exoticanimals started following you.', '2024-10-15 07:52:57', 49),
(68, 'puppylove started following you.', '2024-10-03 08:17:44', 50),
(69, 'admin_tina requested to follow you.', '2024-10-24 11:47:28', 1),
(70, 'happytails accepted your request to follow.', '2024-10-25 11:47:28', 51),
(71, 'admin_tina started following you.', '2024-10-25 11:47:28', 1),
(72, 'admin_jake started following you.', '2024-10-03 01:44:31', 2),
(73, 'admin_alex started following you.', '2024-09-22 00:25:01', 3),
(74, 'admin_sara started following you.', '2024-09-01 11:25:37', 4),
(75, 'admin_chris requested to follow you.', '2024-09-02 07:37:58', 5),
(76, 'ferretfanatic accepted your request to follow.', '2024-09-03 07:37:58', 55),
(77, 'admin_chris started following you.', '2024-09-03 07:37:58', 5),
(78, 'furryfriend95 started following you.', '2024-09-10 02:45:19', 6),
(79, 'pawsnclaws started following you.', '2024-10-16 08:52:59', 7),
(80, 'vet_lisa started following you.', '2024-10-29 01:24:09', 8),
(81, 'felinefrenzy started following you.', '2024-10-27 10:41:45', 9),
(82, 'rescuecharlie started following you.', '2024-09-26 03:52:36', 10),
(83, 'birdwatcher22 started following you.', '2024-10-29 05:26:32', 11),
(84, 'puglove88 requested to follow you.', '2024-10-26 00:45:00', 12),
(85, 'dogparkfan accepted your request to follow.', '2024-10-27 00:45:00', 62),
(86, 'puglove88 started following you.', '2024-10-27 00:45:00', 12),
(87, 'doggiedad started following you.', '2024-10-30 04:26:16', 13),
(88, 'catcuddles requested to follow you.', '2024-10-14 07:37:16', 14),
(89, 'petparadise accepted your request to follow.', '2024-10-15 07:37:16', 64),
(90, 'catcuddles started following you.', '2024-10-15 07:37:16', 14),
(91, 'bunnyhop started following you.', '2024-10-18 03:53:31', 15),
(92, 'lovelylabs started following you.', '2024-10-05 03:16:45', 16),
(93, 'parrotpirate requested to follow you.', '2024-10-25 01:18:25', 17),
(94, 'whiskersandtails accepted your request to follow.', '2024-10-26 01:18:25', 67),
(95, 'parrotpirate started following you.', '2024-10-26 01:18:25', 17),
(96, 'snaketamer started following you.', '2024-10-30 08:12:13', 18),
(97, 'kittenrescuer requested to follow you.', '2024-10-27 08:33:57', 19),
(98, 'petdetective accepted your request to follow.', '2024-10-28 08:33:57', 69),
(99, 'kittenrescuer started following you.', '2024-10-28 08:33:57', 19),
(100, 'fishfrenzy started following you.', '2024-09-01 04:39:40', 20),
(101, 'puppywhisperer started following you.', '2024-09-18 07:04:05', 21),
(102, 'exoticpets started following you.', '2024-09-04 07:42:01', 22),
(103, 'hedgehoghelper started following you.', '2024-10-06 04:46:08', 23),
(104, 'wildlifewarrior requested to follow you.', '2024-09-13 04:49:50', 24),
(105, 'meowmagic accepted your request to follow.', '2024-09-14 04:49:50', 74),
(106, 'wildlifewarrior started following you.', '2024-09-14 04:49:50', 24),
(107, 'pawspatrol started following you.', '2024-09-16 01:39:10', 25),
(108, 'purrfectmatch started following you.', '2024-10-05 10:51:08', 26),
(109, 'tinyterriers started following you.', '2024-09-25 05:07:28', 27),
(110, 'rabbitrescue requested to follow you.', '2024-09-30 03:03:23', 28),
(111, 'cattales accepted your request to follow.', '2024-10-01 03:03:23', 78),
(112, 'rabbitrescue started following you.', '2024-10-01 03:03:23', 28),
(113, 'goldenretrieverfan started following you.', '2024-09-22 05:03:55', 29),
(114, 'featheredfriends started following you.', '2024-09-03 04:47:51', 30),
(115, 'pawsitivevibes requested to follow you.', '2024-10-22 07:15:59', 31),
(116, 'doggydaydream accepted your request to follow.', '2024-10-23 07:15:59', 81),
(117, 'pawsitivevibes started following you.', '2024-10-23 07:15:59', 31),
(118, 'catdaddy started following you.', '2024-10-21 11:40:46', 32),
(119, 'barknroll started following you.', '2024-09-10 01:26:24', 33),
(120, 'furfamily started following you.', '2024-10-05 06:19:51', 34),
(121, 'tailsandtales requested to follow you.', '2024-09-19 02:56:41', 35),
(122, 'whiskerlove accepted your request to follow.', '2024-09-20 02:56:41', 85),
(123, 'tailsandtales started following you.', '2024-09-20 02:56:41', 35),
(124, 'vet_mike started following you.', '2024-10-18 06:24:10', 36),
(125, 'adoptables started following you.', '2024-10-14 10:30:44', 37),
(126, 'ratfanatic started following you.', '2024-09-24 07:40:32', 38),
(127, 'dogdays started following you.', '2024-09-02 09:50:31', 39),
(128, 'kittenpaws started following you.', '2024-10-22 06:50:07', 40),
(129, 'admin_tina started following you.', '2024-10-18 05:53:15', 1),
(130, 'admin_jake started following you.', '2024-10-08 01:09:11', 2),
(131, 'admin_alex started following you.', '2024-10-10 03:16:47', 3),
(132, 'admin_sara started following you.', '2024-09-11 02:55:21', 4),
(133, 'admin_chris requested to follow you.', '2024-09-22 09:20:12', 5),
(134, 'tailsoffun accepted your request to follow.', '2024-09-23 09:20:12', 93),
(135, 'admin_chris started following you.', '2024-09-23 09:20:12', 5),
(136, 'furryfriend95 requested to follow you.', '2024-10-19 00:25:03', 6),
(137, 'tailsoffun accepted your request to follow.', '2024-10-20 00:25:03', 93),
(138, 'furryfriend95 started following you.', '2024-10-20 00:25:03', 6),
(139, 'pawsnclaws started following you.', '2024-09-15 05:29:11', 7),
(140, 'vet_lisa started following you.', '2024-10-05 11:25:55', 8),
(141, 'felinefrenzy started following you.', '2024-09-29 00:02:08', 9),
(142, 'rescuecharlie started following you.', '2024-09-27 04:13:17', 10),
(143, 'birdwatcher22 requested to follow you.', '2024-10-19 02:53:30', 11),
(144, 'petfanclub accepted your request to follow.', '2024-10-20 02:53:30', 96),
(145, 'birdwatcher22 started following you.', '2024-10-20 02:53:30', 11),
(146, 'puglove88 requested to follow you.', '2024-10-31 06:08:26', 12),
(147, 'petfanclub accepted your request to follow.', '2024-11-01 06:08:26', 96),
(148, 'puglove88 started following you.', '2024-11-01 06:08:26', 12),
(149, 'doggiedad started following you.', '2024-09-24 05:53:50', 13),
(150, 'catcuddles started following you.', '2024-10-19 04:39:51', 14),
(151, 'bunnyhop started following you.', '2024-10-06 10:01:28', 15),
(152, 'lovelylabs started following you.', '2024-09-02 04:47:37', 16),
(153, 'parrotpirate started following you.', '2024-10-09 00:01:19', 17),
(154, 'snaketamer started following you.', '2024-09-30 06:32:15', 18),
(155, 'kittenrescuer requested to follow you.', '2024-10-13 03:02:54', 19),
(156, 'hamstergal accepted your request to follow.', '2024-10-14 03:02:54', 100),
(157, 'kittenrescuer started following you.', '2024-10-14 03:02:54', 19),
(158, 'fishfrenzy requested to follow you.', '2024-09-29 00:22:23', 20),
(159, 'hamstergal accepted your request to follow.', '2024-09-30 00:22:23', 100),
(160, 'fishfrenzy started following you.', '2024-09-30 00:22:23', 20),
(161, 'puppywhisperer requested to follow you.', '2024-10-10 07:05:02', 21),
(162, 'whiskerlove accepted your request to follow.', '2024-10-11 07:05:02', 85),
(163, 'puppywhisperer started following you.', '2024-10-11 07:05:02', 21),
(164, 'exoticpets requested to follow you.', '2024-09-07 07:07:12', 22),
(165, 'whiskerlove accepted your request to follow.', '2024-09-08 07:07:12', 85),
(166, 'exoticpets started following you.', '2024-09-08 07:07:12', 22),
(167, 'hedgehoghelper started following you.', '2024-10-26 07:26:22', 23),
(168, 'wildlifewarrior started following you.', '2024-09-11 07:06:58', 24),
(169, 'puppylove started following you.', '2024-09-08 02:16:25', 50),
(170, 'happytails started following you.', '2024-09-12 06:49:36', 51),
(171, 'lovedoveco started following you.', '2024-10-25 04:36:07', 52),
(172, 'farmfriends started following you.', '2024-09-25 05:33:26', 53),
(173, 'pawprints started following you.', '2024-10-27 00:37:31', 54),
(174, 'ferretfanatic started following you.', '2024-10-24 00:40:44', 55),
(175, 'aqua_life started following you.', '2024-09-19 04:08:33', 56),
(176, 'parrotlife started following you.', '2024-10-17 07:15:54', 57),
(177, 'pawsitive_adopt started following you.', '2024-09-30 01:47:21', 58),
(178, 'cattitude started following you.', '2024-09-21 11:32:12', 59),
(179, 'veterin_clinic started following you.', '2024-09-04 01:36:18', 60),
(180, 'pawsnclaws2 requested to follow you.', '2024-10-29 01:12:02', 61),
(181, 'puglove88 accepted your request to follow.', '2024-10-30 01:12:02', 12),
(182, 'pawsnclaws2 started following you.', '2024-10-30 01:12:02', 61),
(183, 'dogparkfan started following you.', '2024-10-15 09:16:48', 62),
(184, 'purrsonality requested to follow you.', '2024-10-05 01:03:30', 63),
(185, 'catcuddles accepted your request to follow.', '2024-10-06 01:03:30', 14),
(186, 'purrsonality started following you.', '2024-10-06 01:03:30', 63),
(187, 'petparadise started following you.', '2024-09-11 04:29:40', 64),
(188, 'houndheart started following you.', '2024-10-22 08:19:11', 65),
(189, 'furballnation started following you.', '2024-10-31 05:00:02', 66),
(190, 'whiskersandtails requested to follow you.', '2024-10-25 04:12:58', 67),
(191, 'snaketamer accepted your request to follow.', '2024-10-26 04:12:58', 18),
(192, 'whiskersandtails started following you.', '2024-10-26 04:12:58', 67),
(193, 'barkingmad started following you.', '2024-10-08 06:05:26', 68),
(194, 'petdetective started following you.', '2024-09-01 09:56:17', 69),
(195, 'reptilehouse started following you.', '2024-09-18 09:14:07', 70),
(196, 'tailsoffriendship started following you.', '2024-10-02 03:51:43', 71),
(197, 'puppysnuggles requested to follow you.', '2024-09-02 11:00:36', 72),
(198, 'hedgehoghelper accepted your request to follow.', '2024-09-03 11:00:36', 23),
(199, 'puppysnuggles started following you.', '2024-09-03 11:00:36', 72),
(200, 'woofwhiskers started following you.', '2024-10-26 08:23:35', 73),
(201, 'meowmagic started following you.', '2024-10-06 08:05:53', 74),
(202, 'luckyfur started following you.', '2024-09-21 02:32:56', 80),
(203, 'doggydaydream requested to follow you.', '2024-10-31 05:54:41', 81),
(204, 'happytails accepted your request to follow.', '2024-11-01 05:54:41', 51),
(205, 'doggydaydream started following you.', '2024-11-01 05:54:41', 81),
(206, 'furmoments started following you.', '2024-10-27 00:02:27', 82),
(207, 'adventuretails started following you.', '2024-10-31 04:47:39', 83),
(208, 'petfairy started following you.', '2024-10-09 04:19:55', 84),
(209, 'whiskerlove requested to follow you.', '2024-09-16 05:29:17', 85),
(210, 'ferretfanatic accepted your request to follow.', '2024-09-17 05:29:17', 55),
(211, 'whiskerlove started following you.', '2024-09-17 05:29:17', 85),
(212, 'happyhooves started following you.', '2024-09-02 08:22:19', 86),
(213, 'purradise started following you.', '2024-10-05 01:26:03', 87),
(214, 'barkalong started following you.', '2024-10-05 10:31:11', 88),
(215, 'pawsandplay started following you.', '2024-10-15 07:06:45', 89),
(216, 'happyhounds started following you.', '2024-09-19 00:47:14', 90),
(217, 'rescuebuddy started following you.', '2024-10-12 06:40:36', 91),
(218, 'fureverfriends requested to follow you.', '2024-09-01 11:56:18', 92),
(219, 'dogparkfan accepted your request to follow.', '2024-09-02 11:56:18', 62),
(220, 'fureverfriends started following you.', '2024-09-02 11:56:18', 92),
(221, 'tailsoffun started following you.', '2024-10-03 00:04:14', 93),
(222, 'barkingfriends requested to follow you.', '2024-09-20 00:43:30', 94),
(223, 'petparadise accepted your request to follow.', '2024-09-21 00:43:30', 64),
(224, 'barkingfriends started following you.', '2024-09-21 00:43:30', 94),
(225, 'aquapaws started following you.', '2024-10-23 06:10:10', 95),
(226, 'petfanclub started following you.', '2024-10-29 09:29:40', 96),
(227, 'bigdogbuddy requested to follow you.', '2024-09-03 11:48:29', 97),
(228, 'whiskersandtails accepted your request to follow.', '2024-09-04 11:48:29', 67),
(229, 'bigdogbuddy started following you.', '2024-09-04 11:48:29', 97),
(230, 'rescuesrock started following you.', '2024-10-22 10:51:34', 98),
(231, 'petsofinstinct requested to follow you.', '2024-09-22 02:02:07', 99),
(232, 'petdetective accepted your request to follow.', '2024-09-23 02:02:07', 69),
(233, 'petsofinstinct started following you.', '2024-09-23 02:02:07', 99),
(234, 'hamstergal started following you.', '2024-10-30 05:42:10', 100),
(235, 'tailsoffriendship started following you.', '2024-10-26 06:16:57', 71),
(236, 'puppysnuggles requested to follow you.', '2024-09-06 06:32:39', 72),
(237, 'doggydaydream accepted your request to follow.', '2024-09-07 06:32:39', 81),
(238, 'puppysnuggles started following you.', '2024-09-07 06:32:39', 72),
(239, 'woofwhiskers started following you.', '2024-10-11 05:08:59', 73),
(240, 'meowmagic started following you.', '2024-10-07 04:20:49', 74),
(241, 'puppyplaytime started following you.', '2024-10-07 00:47:15', 75),
(242, 'pawsitiveenergy requested to follow you.', '2024-10-22 04:17:08', 76),
(243, 'whiskerlove accepted your request to follow.', '2024-10-23 04:17:08', 85),
(244, 'pawsitiveenergy started following you.', '2024-10-23 04:17:08', 76),
(245, 'allforpaws started following you.', '2024-09-14 03:43:42', 77),
(246, 'cattales started following you.', '2024-10-27 02:54:09', 78),
(247, 'bestbuddies started following you.', '2024-09-28 00:31:33', 79),
(248, 'pawsandplay started following you.', '2024-10-20 02:05:10', 89),
(249, 'rescuebuddy started following you.', '2024-09-25 03:14:17', 91),
(250, 'tailsoffun started following you.', '2024-10-18 05:22:35', 93),
(251, 'aquapaws requested to follow you.', '2024-11-01 00:05:13', 95),
(252, 'petfanclub accepted your request to follow.', '2024-11-02 00:05:13', 96),
(253, 'aquapaws started following you.', '2024-11-02 00:05:13', 95),
(254, 'bigdogbuddy started following you.', '2024-10-01 09:36:49', 97),
-- Post Notifications
(255, 'bunnyhop liked your post.', '2024-10-30 09:00:00', 1),
(256, 'exoticpets liked your post.', '2024-10-30 09:00:00', 1),
(257, 'furfamily liked your post.', '2024-10-30 09:00:00', 1),
(258, 'lovelylabs liked your post.', '2024-10-30 10:00:00', 2),
(259, 'wildlifewarrior liked your post.', '2024-10-30 10:00:00', 2),
(260, 'tailsandtales liked your post.', '2024-10-30 10:00:00', 2),
(261, 'parrotpirate liked your post.', '2024-10-30 11:00:00', 3),
(262, 'pawspatrol liked your post.', '2024-10-30 11:00:00', 3),
(263, 'turtletime liked your post.', '2024-10-30 11:00:00', 3),
(264, 'kittenrescuer liked your post.', '2024-10-30 12:00:00', 4),
(265, 'hedgehoghelper liked your post.', '2024-10-30 12:00:00', 4),
(266, 'barknroll liked your post.', '2024-10-30 12:00:00', 4),
(267, 'rescuecharlie liked your post.', '2024-10-30 13:00:00', 5),
(268, 'featheredfriends liked your post.', '2024-10-30 13:00:00', 5),
(269, 'veterin_clinic liked your post.', '2024-10-30 13:00:00', 5),
(270, 'bunnyhop liked your post.', '2024-10-30 14:00:00', 6),
(271, 'exoticpets liked your post.', '2024-10-30 14:00:00', 6),
(272, 'turtletime liked your post.', '2024-10-30 14:00:00', 6),
(273, 'barknroll liked your post.', '2024-10-30 15:00:00', 6),
(274, 'snaketamer liked your post.', '2024-10-30 15:00:00', 6),
(275, 'pawsome liked your post.', '2024-10-30 15:00:00', 6),
(276, 'kittenpaws liked your post.', '2024-10-30 16:00:00', 7),
(277, 'exoticpets liked your post.', '2024-10-30 16:00:00', 7),
(278, 'purrsonality liked your post.', '2024-10-30 16:00:00', 7),
(279, 'puppylove liked your post.', '2024-10-30 17:00:00', 7),
(280, 'puppywhisperer liked your post.', '2024-10-30 17:00:00', 7),
(281, 'furfamily liked your post.', '2024-10-30 17:00:00', 7),
(282, 'exoticpets liked your post.', '2024-10-30 18:00:00', 7),
(283, 'ferretfanatic liked your post.', '2024-10-30 18:00:00', 7),
(284, 'ratfanatic liked your post.', '2024-10-30 18:00:00', 7),
(285, 'doggiedad liked your post.', '2024-10-30 19:00:00', 8),
(286, 'kittenrescuer liked your post.', '2024-10-30 19:00:00', 8),
(287, 'fureverfamily liked your post.', '2024-10-30 19:00:00', 8),
(288, 'parrotpirate liked your post.', '2024-10-30 20:00:00', 8),
(289, 'goldenretrieverfan liked your post.', '2024-10-30 20:00:00', 8),
(290, 'vet_mike liked your post.', '2024-10-30 20:00:00', 8),
(291, 'pawspatrol liked your post.', '2024-10-30 21:00:00', 8),
(292, 'kittenpaws liked your post.', '2024-10-30 21:00:00', 8),
(293, 'lovedoveco liked your post.', '2024-10-30 21:00:00', 8),
(294, 'tinyterriers liked your post.', '2024-10-30 22:00:00', 8),
(295, 'ranchvet liked your post.', '2024-10-30 22:00:00', 8),
(296, 'purrtherapy liked your post.', '2024-10-30 22:00:00', 8),
(297, 'kittenrescuer liked your post.', '2024-10-30 23:00:00', 9),
(298, 'tailsandtales liked your post.', '2024-10-30 23:00:00', 9),
(299, 'parrotlife liked your post.', '2024-10-30 23:00:00', 9),
(300, 'pawsitivevibes liked your post.', '2024-10-31 09:00:00', 10),
(301, 'rabbitrescue liked your post.', '2024-10-31 09:00:00', 10),
(302, 'farmfriends liked your post.', '2024-10-31 09:00:00', 10),
(303, 'exoticpets liked your post.', '2024-10-31 10:00:00', 10),
(304, 'barknroll liked your post.', '2024-10-31 10:00:00', 10),
(305, 'whiskersandtails liked your post.', '2024-10-31 10:00:00', 10),
(306, 'bunnyhop liked your post.', '2024-10-31 11:00:00', 11),
(307, 'fishfrenzy liked your post.', '2024-10-31 11:00:00', 11),
(308, 'dogdays liked your post.', '2024-10-31 11:00:00', 11),
(309, 'pawspatrol liked your post.', '2024-10-31 12:00:00', 11),
(310, 'veterin_clinic liked your post.', '2024-10-31 12:00:00', 11),
(311, 'reptilehouse liked your post.', '2024-10-31 12:00:00', 11),
(312, 'rabbitrescue liked your post.', '2024-10-31 13:00:00', 12),
(313, 'puppylove liked your post.', '2024-10-31 13:00:00', 12),
(314, 'puppyplaytime liked your post.', '2024-10-31 13:00:00', 12),
(315, 'kittenpaws liked your post.', '2024-10-31 14:00:00', 12),
(316, 'parrotlife liked your post.', '2024-10-31 14:00:00', 12),
(317, 'furballnation liked your post.', '2024-10-31 14:00:00', 12),
(318, 'puglove88 liked your post.', '2024-10-31 15:00:00', 13),
(319, 'ratfanatic liked your post.', '2024-10-31 15:00:00', 13),
(320, 'allforpaws liked your post.', '2024-10-31 15:00:00', 13),
(321, 'fureverfamily liked your post.', '2024-10-31 16:00:00', 13),
(322, 'exoticpets liked your post.', '2024-10-31 16:00:00', 13),
(323, 'ferretfanatic liked your post.', '2024-10-31 16:00:00', 13),
(324, 'snaketamer liked your post.', '2024-10-31 17:00:00', 14),
(325, 'goldenretrieverfan liked your post.', '2024-10-31 17:00:00', 14),
(326, 'pawsnclaws2 liked your post.', '2024-10-31 17:00:00', 14),
(327, 'birdwatcher22 liked your post.', '2024-10-31 18:00:00', 14),
(328, 'furfamily liked your post.', '2024-10-31 18:00:00', 14),
(329, 'catcafe liked your post.', '2024-10-31 18:00:00', 14),
(330, 'catcuddles liked your post.', '2024-10-31 19:00:00', 15),
(331, 'purrfectmatch liked your post.', '2024-10-31 19:00:00', 15),
(332, 'lovemycorgi liked your post.', '2024-10-31 19:00:00', 15),
(333, 'farmfriends liked your post.', '2024-10-31 20:00:00', 15),
(334, 'catdaddy liked your post.', '2024-10-31 20:00:00', 15),
(335, 'pawprints liked your post.', '2024-10-31 20:00:00', 15),
(336, 'lovelylabs liked your post.', '2024-10-31 21:00:00', 15),
(337, 'bigcatfan liked your post.', '2024-10-31 21:00:00', 15),
(338, 'furballnation liked your post.', '2024-10-31 21:00:00', 15),
(339, 'puppywhisperer liked your post.', '2024-10-31 22:00:00', 16),
(340, 'catcafe liked your post.', '2024-10-31 22:00:00', 16),
(341, 'woofwhiskers liked your post.', '2024-10-31 22:00:00', 16),
(342, 'furfamily liked your post.', '2024-10-31 23:00:00', 17),
(343, 'dogdays liked your post.', '2024-10-31 23:00:00', 17),
(344, 'bestbuddies liked your post.', '2024-10-31 23:00:00', 17),
(345, 'pawsome liked your post.', '2024-11-01 00:00:00', 17),
(346, 'tailsandtales liked your post.', '2024-11-01 00:00:00', 17),
(347, 'puppylove liked your post.', '2024-11-01 00:00:00', 17),
(348, 'ferretfanatic liked your post.', '2024-11-01 09:00:00', 18),
(349, 'houndheart liked your post.', '2024-11-01 09:00:00', 18),
(350, 'luckyfur liked your post.', '2024-11-01 09:00:00', 18),
(351, 'ranchvet liked your post.', '2024-11-01 10:00:00', 18),
(352, 'bunnyhop liked your post.', '2024-11-01 10:00:00', 18),
(353, 'dogparkfan liked your post.', '2024-11-01 10:00:00', 18),
(354, 'lovemycorgi liked your post.', '2024-11-01 11:00:00', 18),
(355, 'goldenretrieverfan liked your post.', '2024-11-01 11:00:00', 18),
(356, 'happyhounds liked your post.', '2024-11-01 11:00:00', 18),
(357, 'pawsitive_adopt liked your post.', '2024-11-01 12:00:00', 19),
(358, 'exoticpets liked your post.', '2024-11-01 12:00:00', 19),
(359, 'exoticanimals liked your post.', '2024-11-01 12:00:00', 19),
(360, 'purrtherapy liked your post.', '2024-11-01 13:00:00', 19),
(361, 'pawspatrol liked your post.', '2024-11-01 13:00:00', 19),
(362, 'rescuebuddy liked your post.', '2024-11-01 13:00:00', 19),
(363, 'purrfectmatch liked your post.', '2024-11-01 14:00:00', 19),
(364, 'turtletime liked your post.', '2024-11-01 14:00:00', 19),
(365, 'petdetective liked your post.', '2024-11-01 14:00:00', 19),
(366, 'puglove88 liked your post.', '2024-11-01 15:00:00', 19),
(367, 'parrotlife liked your post.', '2024-11-01 15:00:00', 19),
(368, 'purrsonality liked your post.', '2024-11-01 15:00:00', 19),
(369, 'ratfanatic liked your post.', '2024-11-01 16:00:00', 20),
(370, 'lovedoveco liked your post.', '2024-11-01 16:00:00', 20),
(371, 'cattales liked your post.', '2024-11-01 16:00:00', 20),
(372, 'lovelylabs liked your post.', '2024-11-01 17:00:00', 21),
(373, 'furballnation liked your post.', '2024-11-01 17:00:00', 21),
(374, 'doggydaydream liked your post.', '2024-11-01 17:00:00', 21),
(375, 'parrotpirate liked your post.', '2024-11-01 18:00:00', 21),
(376, 'barknroll liked your post.', '2024-11-01 18:00:00', 21),
(377, 'fureverfriends liked your post.', '2024-11-01 18:00:00', 21),
(378, 'hedgehoghelper liked your post.', '2024-11-01 19:00:00', 22),
(379, 'petparadise liked your post.', '2024-11-01 19:00:00', 22),
(380, 'petfairy liked your post.', '2024-11-01 19:00:00', 22),
(381, 'featheredfriends liked your post.', '2024-11-01 20:00:00', 22),
(382, 'kittenrescuer liked your post.', '2024-11-01 20:00:00', 22),
(383, 'cattitude liked your post.', '2024-11-01 20:00:00', 22),
(384, 'birdwatcher22 liked your post.', '2024-11-01 21:00:00', 23),
(385, 'wildlifewarrior liked your post.', '2024-11-01 21:00:00', 23),
(386, 'woofwhiskers liked your post.', '2024-11-01 21:00:00', 23),
(387, 'rabbitrescue liked your post.', '2024-11-01 22:00:00', 24),
(388, 'happytails liked your post.', '2024-11-01 22:00:00', 24),
(389, 'happyhounds liked your post.', '2024-11-01 22:00:00', 24),
(390, 'snaketamer liked your post.', '2024-11-01 23:00:00', 24),
(391, 'catdaddy liked your post.', '2024-11-01 23:00:00', 24),
(392, 'adventuretails liked your post.', '2024-11-01 23:00:00', 24),
(393, 'ferretfanatic liked your post.', '2024-11-09 18:00:00', 100),
(394, 'goldenretrieverfan liked your post.', '2024-11-09 18:00:00', 100),
(395, 'allforpaws liked your post.', '2024-11-09 18:00:00', 100),
(396, 'bunnyhop commented on your post.', '2024-11-04 11:15:00', 1),
(397, 'exoticpets commented on your post.', '2024-11-04 11:20:00', 2),
(398, 'featheredfriends commented on your post.', '2024-11-04 12:30:00', 3),
(399, 'turtletime commented on your post.', '2024-11-04 12:40:00', 4),
(400, 'featheredfriends commented on your post.', '2024-11-04 12:55:00', 5),
(401, 'aqua_life commented on your post.', '2024-11-04 15:30:00', 6),
(402, 'petparadise commented on your post.', '2024-11-04 15:45:00', 6),
(403, 'cattitude commented on your post.', '2024-11-04 18:10:00', 7),
(404, 'whiskersandtails commented on your post.', '2024-11-04 18:25:00', 7),
(405, 'pawsnclaws2 commented on your post.', '2024-11-05 08:15:00', 7),
(406, 'dogparkfan commented on your post.', '2024-11-05 08:25:00', 8),
(407, 'purrsonality commented on your post.', '2024-11-05 11:30:00', 8),
(408, 'puppyplaytime commented on your post.', '2024-11-06 13:30:00', 8),
(409, 'puppysnuggles commented on your post.', '2024-11-06 13:45:00', 8),
(410, 'luckyfur commented on your post.', '2024-11-06 16:00:00', 9),
(411, 'adventuretails commented on your post.', '2024-11-06 16:15:00', 10),
(412, 'whiskerlove commented on your post.', '2024-11-07 09:00:00', 10),
(413, 'barkalong commented on your post.', '2024-11-07 13:30:00', 11),
(414, 'fureverfriends commented on your post.', '2024-11-07 13:50:00', 11),
(415, 'aquapaws commented on your post.', '2024-11-07 17:00:00', 12),
(416, 'barkingfriends commented on your post.', '2024-11-07 17:10:00', 12),
(417, 'petsofinstinct commented on your post.', '2024-11-07 19:30:00', 13),
(418, 'aquapaws commented on your post.', '2024-11-07 19:50:00', 13),
(419, 'hamstergal commented on your post.', '2024-11-07 21:30:00', 14),
(420, 'bigdogbuddy commented on your post.', '2024-11-07 21:40:00', 14),
(421, 'puglove88 commented on your post.', '2024-11-08 08:00:00', 15),
(422, 'snaketamer commented on your post.', '2024-11-08 08:15:00', 15),
(423, 'furfamily commented on your post.', '2024-11-08 10:30:00', 15),
(424, 'turtletime commented on your post.', '2024-11-08 12:20:00', 16),
(425, 'dogdays commented on your post.', '2024-11-08 12:35:00', 17),
(426, 'aqua_life commented on your post.', '2024-11-08 16:00:00', 17),
(427, 'pawsnclaws2 commented on your post.', '2024-11-08 16:15:00', 18),
(428, 'puppysnuggles commented on your post.', '2024-11-09 08:45:00', 18),
(429, 'whiskersandtails commented on your post.', '2024-11-09 08:50:00', 18),
(430, 'doggydaydream commented on your post.', '2024-11-09 11:30:00', 19),
(431, 'adventuretails commented on your post.', '2024-11-09 13:00:00', 19),
(432, 'pawsitiveenergy commented on your post.', '2024-11-09 13:05:00', 19),
(433, 'fureverfriends commented on your post.', '2024-11-09 18:00:00', 19),
(434, 'pawsandplay commented on your post.', '2024-11-09 18:10:00', 20),
(435, 'rescuesrock commented on your post.', '2024-11-10 07:20:00', 21),
(436, 'purradise commented on your post.', '2024-11-10 12:45:00', 21),
(437, 'happyhounds commented on your post.', '2024-11-10 12:55:00', 22),
(438, 'bestbuddies commented on your post.', '2024-11-10 15:00:00', 22),
(439, 'furballnation commented on your post.', '2024-11-10 17:30:00', 23),
(440, 'tailsoffriendship commented on your post.', '2024-11-11 08:15:00', 24),
(441, 'luckyfur commented on your post.', '2024-11-11 08:25:00', 24),
(442, 'admin_tina tagged you in their post.', '2024-10-30 08:00:00', 22),
(443, 'admin_tina tagged you in their post.', '2024-10-30 08:00:00', 34),
(444, 'admin_jake tagged you in their post.', '2024-10-30 09:00:00', 16),
(445, 'admin_alex tagged you in their post.', '2024-10-30 10:00:00', 45),
(446, 'admin_alex tagged you in their post.', '2024-10-30 10:00:00', 25),
(447, 'admin_chris tagged you in their post.', '2024-10-30 12:00:00', 30),
(448, 'furryfriend95 tagged you in their post.', '2024-10-30 13:00:00', 22),
(449, 'furryfriend95 tagged you in their post.', '2024-10-30 14:00:00', 33),
(450, 'furryfriend95 tagged you in their post.', '2024-10-30 14:00:00', 18),
(451, 'pawsnclaws tagged you in their post.', '2024-10-30 16:00:00', 50),
(452, 'pawsnclaws tagged you in their post.', '2024-10-30 16:00:00', 34),
(453, 'pawsnclaws tagged you in their post.', '2024-10-30 17:00:00', 22),
(454, 'pawsnclaws tagged you in their post.', '2024-10-30 17:00:00', 38),
(455, 'vet_lisa tagged you in their post.', '2024-10-30 19:00:00', 29),
(456, 'felinefrenzy tagged you in their post.', '2024-10-30 22:00:00', 19),
(457, 'felinefrenzy tagged you in their post.', '2024-10-30 22:00:00', 57),
(458, 'rescuecharlie tagged you in their post.', '2024-10-31 09:00:00', 33),
(459, 'birdwatcher22 tagged you in their post.', '2024-10-31 10:00:00', 39),
(460, 'birdwatcher22 tagged you in their post.', '2024-10-31 10:00:00', 20),
(461, 'puglove88 tagged you in their post.', '2024-10-31 12:00:00', 28),
(462, 'puglove88 tagged you in their post.', '2024-10-31 13:00:00', 66),
(463, 'doggiedad tagged you in their post.', '2024-10-31 15:00:00', 55),
(464, 'catcuddles tagged you in their post.', '2024-10-31 17:00:00', 42),
(465, 'bunnyhop tagged you in their post.', '2024-10-31 19:00:00', 54),
(466, 'bunnyhop tagged you in their post.', '2024-10-31 20:00:00', 16),
(467, 'bunnyhop tagged you in their post.', '2024-10-31 20:00:00', 46),
(468, 'lovelylabs tagged you in their post.', '2024-10-31 21:00:00', 73),
(469, 'parrotpirate tagged you in their post.', '2024-10-31 22:00:00', 79),
(470, 'snaketamer tagged you in their post.', '2024-11-01 08:00:00', 55),
(471, 'snaketamer tagged you in their post.', '2024-11-01 09:00:00', 62),
(472, 'kittenrescuer tagged you in their post.', '2024-11-01 11:00:00', 22),
(473, 'kittenrescuer tagged you in their post.', '2024-11-01 13:00:00', 45),
(474, 'fishfrenzy tagged you in their post.', '2024-11-01 15:00:00', 78),
(475, 'puppywhisperer tagged you in their post.', '2024-11-01 17:00:00', 92),
(476, 'exoticpets tagged you in their post.', '2024-11-01 18:00:00', 84),
(477, 'hedgehoghelper tagged you in their post.', '2024-11-01 20:00:00', 73),
(478, 'wildlifewarrior tagged you in their post.', '2024-11-01 22:00:00', 83),
(479, 'purrfectmatch tagged you in their post.', '2024-11-02 11:00:00', 91),
(480, 'tinyterriers tagged you in their post.', '2024-11-02 12:00:00', 63),
(481, 'goldenretrieverfan tagged you in their post.', '2024-11-02 16:00:00', 80),
(482, 'featheredfriends tagged you in their post.', '2024-11-02 18:00:00', 66),
(483, 'featheredfriends tagged you in their post.', '2024-11-02 18:00:00', 71),
(484, 'catdaddy tagged you in their post.', '2024-11-02 21:00:00', 85),
(485, 'furfamily tagged you in their post.', '2024-11-03 11:00:00', 88),
(486, 'tailsandtales tagged you in their post.', '2024-11-03 13:00:00', 95),
(487, 'adoptables tagged you in their post.', '2024-11-03 16:00:00', 86),
(488, 'ratfanatic tagged you in their post.', '2024-11-03 19:00:00', 93),
(489, 'dogdays tagged you in their post.', '2024-11-03 21:00:00', 89),
(490, 'pawsome tagged you in their post.', '2024-11-04 08:00:00', 94),
(491, 'fureverfamily tagged you in their post.', '2024-11-04 11:00:00', 83),
(492, 'bigcatfan tagged you in their post.', '2024-11-04 16:00:00', 91),
(493, 'exoticanimals tagged you in their post.', '2024-11-04 21:00:00', 98),
(494, 'lovedoveco tagged you in their post.', '2024-11-05 11:00:00', 100),
(495, 'farmfriends tagged you in their post.', '2024-11-05 14:00:00', 76),
(496, 'pawprints tagged you in their post.', '2024-11-05 16:00:00', 99),
-- Comment Notifications
(497, 'exoticpets replied to your comment.', '2024-11-04 11:20:00', 15),
(498, 'turtletime replied to your comment.', '2024-11-04 12:40:00', 30),
(499, 'featheredfriends replied to your comment.', '2024-11-04 12:55:00', 45),
(500, 'petparadise replied to your comment.', '2024-11-04 15:45:00', 56),
(501, 'whiskersandtails replied to your comment.', '2024-11-04 18:25:00', 59),
(502, 'dogparkfan replied to your comment.', '2024-11-05 08:25:00', 61),
(503, 'puppysnuggles replied to your comment.', '2024-11-06 13:45:00', 75),
(504, 'adventuretails replied to your comment.', '2024-11-06 16:15:00', 80),
(505, 'fureverfriends replied to your comment.', '2024-11-07 13:50:00', 88),
(506, 'barkingfriends replied to your comment.', '2024-11-07 17:10:00', 95),
(507, 'aquapaws replied to your comment.', '2024-11-07 19:50:00', 99),
(508, 'bigdogbuddy replied to your comment.', '2024-11-07 21:40:00', 100),
(509, 'snaketamer replied to your comment.', '2024-11-08 08:15:00', 12),
(510, 'dogdays replied to your comment.', '2024-11-08 12:35:00', 45),
(511, 'pawsnclaws2 replied to your comment.', '2024-11-08 16:15:00', 56),
(512, 'whiskersandtails replied to your comment.', '2024-11-09 08:50:00', 72),
(513, 'pawsitiveenergy replied to your comment.', '2024-11-09 13:05:00', 83),
(514, 'pawsandplay replied to your comment.', '2024-11-09 18:10:00', 92),
(515, 'happyhounds replied to your comment.', '2024-11-10 12:55:00', 87),
(516, 'luckyfur replied to your comment.', '2024-11-11 08:25:00', 71),
(517, 'ferretfanatic liked your comment.', '2024-11-08 08:00:00', 12),
(518, 'puglove88 liked your comment.', '2024-11-08 08:00:00', 12),
(519, 'ferretfanatic liked your comment.', '2024-11-08 08:15:00', 18),
(520, 'ferretfanatic liked your comment.', '2024-11-08 10:30:00', 34),
(521, 'furfamily liked your comment.', '2024-11-08 10:30:00', 34),
(522, 'veterin_clinic liked your comment.', '2024-11-08 12:20:00', 45),
(523, 'turtletime liked your comment.', '2024-11-08 12:20:00', 45),
(524, 'veterin_clinic liked your comment.', '2024-11-08 12:35:00', 39),
(525, 'reptilehouse liked your comment.', '2024-11-08 16:00:00', 56),
(526, 'reptilehouse liked your comment.', '2024-11-08 16:15:00', 61),
(527, 'pawsnclaws2 liked your comment.', '2024-11-08 16:15:00', 61),
(528, 'luckyfur liked your comment.', '2024-11-09 08:45:00', 72),
(529, 'luckyfur liked your comment.', '2024-11-09 08:50:00', 67),
(530, 'puppysnuggles liked your comment.', '2024-11-09 08:50:00', 67),
(531, 'aquapaws liked your comment.', '2024-11-09 11:30:00', 81),
(532, 'doggydaydream liked your comment.', '2024-11-09 11:30:00', 81),
(533, 'hamstergal liked your comment.', '2024-11-09 13:00:00', 83),
(534, 'pawsitiveenergy liked your comment.', '2024-11-09 13:00:00', 83),
(535, 'hamstergal liked your comment.', '2024-11-09 13:05:00', 76),
(536, 'pawsandplay liked your comment.', '2024-11-09 18:00:00', 92),
(537, 'pawsandplay liked your comment.', '2024-11-09 18:10:00', 89),
(538, 'rescuesrock liked your comment.', '2024-11-10 07:20:00', 98),
(539, 'purradise liked your comment.', '2024-11-10 12:45:00', 87),
(540, 'purradise liked your comment.', '2024-11-10 12:55:00', 90),
(541, 'happyhounds liked your comment.', '2024-11-10 12:55:00', 90),
(542, 'bestbuddies liked your comment.', '2024-11-10 15:00:00', 79),
(543, 'furballnation liked your comment.', '2024-11-10 17:30:00', 66),
(544, 'tailsoffriendship liked your comment.', '2024-11-11 08:15:00', 71),
(545, 'luckyfur liked your comment.', '2024-11-11 08:25:00', 80),
(546, 'woofwhiskers liked your comment.', '2024-11-11 08:25:00', 80),
(547, 'puglove88 tagged you in a comment.', '2024-11-08 08:00:00', 11),
(548, 'snaketamer tagged you in a comment.', '2024-11-08 08:15:00', 55),
(549, 'furfamily tagged you in a comment.', '2024-11-08 10:30:00', 34),
(550, 'turtletime tagged you in a comment.', '2024-11-08 12:20:00', 12),
(551, 'dogdays tagged you in a comment.', '2024-11-08 12:35:00', 60),
(552, 'aqua_life tagged you in a comment.', '2024-11-08 16:00:00', 70),
(553, 'pawsnclaws2 tagged you in a comment.', '2024-11-08 16:15:00', 29),
(554, 'puppysnuggles tagged you in a comment.', '2024-11-09 08:45:00', 14),
(555, 'whiskersandtails tagged you in a comment.', '2024-11-09 08:50:00', 72),
(556, 'doggydaydream tagged you in a comment.', '2024-11-09 11:30:00', 95),
(557, 'adventuretails tagged you in a comment.', '2024-11-09 13:00:00', 76),
(558, 'pawsitiveenergy tagged you in a comment.', '2024-11-09 13:05:00', 11),
(559, 'fureverfriends tagged you in a comment.', '2024-11-09 18:00:00', 89),
(560, 'pawsandplay tagged you in a comment.', '2024-11-09 18:10:00', 60),
(561, 'rescuesrock tagged you in a comment.', '2024-11-10 07:20:00', 50),
(562, 'purradise tagged you in a comment.', '2024-11-10 12:45:00', 87),
(563, 'happyhounds tagged you in a comment.', '2024-11-10 12:55:00', 90),
(564, 'bestbuddies tagged you in a comment.', '2024-11-10 15:00:00', 79),
(565, 'furballnation tagged you in a comment.', '2024-11-10 17:30:00', 66),
(566, 'tailsoffriendship tagged you in a comment.', '2024-11-11 08:15:00', 71),
(567, 'luckyfur tagged you in a comment.', '2024-11-11 08:25:00', 73),
-- Group Notifications
(568, 'parrotlife request to join group Parrot Enthusiasts.', '2024-09-18 00:59:48', 57),
(569, 'You are accepted to join group Parrot Enthusiasts.', '2024-09-19 00:59:48', 57),
(570, 'purrsonality request to join group Parrot Enthusiasts.', '2024-09-01 01:50:26', 57),
(571, 'You are accepted to join group Parrot Enthusiasts.', '2024-09-02 01:50:26', 63),
(572, 'cattales request to join group Parrot Enthusiasts.', '2024-09-20 02:53:47', 57),
(573, 'You are accepted to join group Parrot Enthusiasts.', '2024-09-21 02:53:47', 78),
(574, 'meowmagic request to join group Parrot Enthusiasts.', '2024-09-15 08:22:06', 57),
(575, 'You are accepted to join group Parrot Enthusiasts.', '2024-09-16 08:22:06', 74),
(576, 'pawsitiveenergy request to join group Parrot Enthusiasts.', '2024-09-20 11:16:11', 57),
(577, 'You are accepted to join group Parrot Enthusiasts.', '2024-09-21 11:16:11', 76),
(578, 'puppysnuggles request to join group Dog Training Tips.', '2024-09-09 06:52:16', 99),
(579, 'You are accepted to join group Dog Training Tips.', '2024-09-10 06:52:16', 72),
(580, 'pawsnclaws2 request to join group Dog Training Tips.', '2024-09-04 07:03:42', 99),
(581, 'You are accepted to join group Dog Training Tips.', '2024-09-05 07:03:42', 61),
(582, 'barkingmad request to join group Dog Training Tips.', '2024-09-21 05:15:26', 99),
(583, 'You are accepted to join group Dog Training Tips.', '2024-09-22 05:15:26', 68),
(584, 'puppyplaytime request to join group Dog Training Tips.', '2024-09-17 02:59:41', 99),
(585, 'You are accepted to join group Dog Training Tips.', '2024-09-18 02:59:41', 75),
(586, 'happyhooves request to join group Dog Training Tips.', '2024-09-02 04:46:33', 99),
(587, 'You are accepted to join group Dog Training Tips.', '2024-09-03 04:46:33', 86),
(588, 'pawsandplay request to join group Dog Training Tips.', '2024-09-04 01:29:32', 99),
(589, 'You are accepted to join group Dog Training Tips.', '2024-09-05 01:29:32', 89),
(590, 'happyhounds request to join group Dog Training Tips.', '2024-09-28 02:39:36', 99),
(591, 'You are accepted to join group Dog Training Tips.', '2024-09-29 02:39:36', 90),
(592, 'rescuebuddy request to join group Dog Training Tips.', '2024-09-09 02:20:56', 99),
(593, 'You are accepted to join group Dog Training Tips.', '2024-09-10 02:20:56', 91),
(594, 'petparadise request to join group Dog Training Tips.', '2024-09-08 04:20:13', 99),
(595, 'You are accepted to join group Dog Training Tips.', '2024-09-09 04:20:13', 64),
(596, 'pawprints request to join group Pet Photography.', '2024-09-24 02:08:28', 54),
(597, 'You are accepted to join group Pet Photography.', '2024-09-25 02:08:28', 54),
(598, 'furmoments request to join group Pet Photography.', '2024-09-11 06:52:21', 54),
(599, 'You are accepted to join group Pet Photography.', '2024-09-12 06:52:21', 82),
(600, 'allforpaws request to join group Pet Photography.', '2024-09-10 06:59:19', 54),
(601, 'You are accepted to join group Pet Photography.', '2024-09-11 06:59:19', 77),
(602, 'petdetective request to join group Pet Photography.', '2024-09-29 10:51:26', 54),
(603, 'You are accepted to join group Pet Photography.', '2024-09-30 10:51:26', 69),
(604, 'petfanclub request to join group Pet Photography.', '2024-09-16 08:24:17', 54),
(605, 'You are accepted to join group Pet Photography.', '2024-09-17 08:24:17', 96),
(606, 'luckyfur request to join group Pet Photography.', '2024-09-29 04:42:52', 54),
(607, 'You are accepted to join group Pet Photography.', '2024-09-30 04:42:52', 80),
(608, 'ferretfanatic request to join group Ferret Friends.', '2024-09-17 04:49:19', 55),
(609, 'You are accepted to join group Ferret Friends.', '2024-09-18 04:49:19', 55),
(610, 'petparadise request to join group Ferret Friends.', '2024-09-24 02:35:51', 55),
(611, 'You are accepted to join group Ferret Friends.', '2024-09-25 02:35:51', 64),
(612, 'meowmagic request to join group Ferret Friends.', '2024-09-13 06:36:40', 55),
(613, 'You are accepted to join group Ferret Friends.', '2024-09-14 06:36:40', 74),
(614, 'furballnation request to join group Ferret Friends.', '2024-09-16 03:18:40', 55),
(615, 'You are accepted to join group Ferret Friends.', '2024-09-17 03:18:40', 66),
(616, 'puppyplaytime request to join group Dog Agility Training.', '2024-09-01 07:22:56', 75),
(617, 'You are accepted to join group Dog Agility Training.', '2024-09-02 07:22:56', 75),
(618, 'pawsnclaws2 request to join group Dog Agility Training.', '2024-09-03 04:07:33', 75),
(619, 'You are accepted to join group Dog Agility Training.', '2024-09-04 04:07:33', 61),
(620, 'barkingmad request to join group Dog Agility Training.', '2024-09-03 05:15:36', 75),
(621, 'You are accepted to join group Dog Agility Training.', '2024-09-04 05:15:36', 68),
(622, 'adventuretails request to join group Dog Agility Training.', '2024-09-06 08:49:51', 75),
(623, 'You are accepted to join group Dog Agility Training.', '2024-09-07 08:49:51', 83),
(624, 'barkalong request to join group Dog Agility Training.', '2024-09-11 06:34:52', 75),
(625, 'You are accepted to join group Dog Agility Training.', '2024-09-12 06:34:52', 88),
(626, 'happyhounds request to join group Dog Agility Training.', '2024-09-29 05:08:58', 75),
(627, 'You are accepted to join group Dog Agility Training.', '2024-09-30 05:08:58', 90),
(628, 'petsofinstinct request to join group Dog Agility Training.', '2024-09-12 10:05:11', 75),
(629, 'You are accepted to join group Dog Agility Training.', '2024-09-13 10:05:11', 99),
(630, 'puppysnuggles request to join group Puppy Playdates.', '2024-09-03 04:03:27', 72),
(631, 'You are accepted to join group Puppy Playdates.', '2024-09-04 04:03:27', 72),
(632, 'happyhooves request to join group Puppy Playdates.', '2024-09-05 03:22:52', 72),
(633, 'You are accepted to join group Puppy Playdates.', '2024-09-06 03:22:52', 86),
(634, 'puppyplaytime request to join group Puppy Playdates.', '2024-09-05 02:33:36', 72),
(635, 'You are accepted to join group Puppy Playdates.', '2024-09-06 02:33:36', 75),
(636, 'barkalong request to join group Puppy Playdates.', '2024-09-28 00:36:48', 72),
(637, 'You are accepted to join group Puppy Playdates.', '2024-09-29 00:36:48', 88),
(638, 'petsofinstinct request to join group Puppy Playdates.', '2024-09-15 09:42:36', 72),
(639, 'You are accepted to join group Puppy Playdates.', '2024-09-16 09:42:36', 99),
(640, 'adventuretails request to join group Puppy Playdates.', '2024-09-08 03:25:04', 72),
(641, 'You are accepted to join group Puppy Playdates.', '2024-09-09 03:25:04', 83),
(642, 'allforpaws request to join group Pet Nutrition Forum.', '2024-09-10 04:56:05', 77),
(643, 'You are accepted to join group Pet Nutrition Forum.', '2024-09-11 04:56:05', 77),
(644, 'happyhooves request to join group Pet Nutrition Forum.', '2024-09-25 01:37:36', 77),
(645, 'You are accepted to join group Pet Nutrition Forum.', '2024-09-26 01:37:36', 86),
(646, 'pawsitiveenergy request to join group Pet Nutrition Forum.', '2024-09-13 09:47:31', 77),
(647, 'You are accepted to join group Pet Nutrition Forum.', '2024-09-14 09:47:31', 76),
(648, 'tailsoffun request to join group Pet Nutrition Forum.', '2024-09-19 09:22:46', 77),
(649, 'You are accepted to join group Pet Nutrition Forum.', '2024-09-20 09:22:46', 93),
(650, 'bestbuddies request to join group Pet Nutrition Forum.', '2024-09-14 08:48:17', 77),
(651, 'You are accepted to join group Pet Nutrition Forum.', '2024-09-15 08:48:17', 79),
(652, 'whiskersandtails request to join group Pet Nutrition Forum.', '2024-09-02 03:27:45', 77),
(653, 'You are accepted to join group Pet Nutrition Forum.', '2024-09-03 03:27:45', 67),
(654, 'happyhooves request to join group Horse Lovers Club.', '2024-09-12 09:30:22', 86),
(655, 'You are accepted to join group Horse Lovers Club.', '2024-09-13 09:30:22', 86),
(656, 'tailsoffun request to join group Horse Lovers Club.', '2024-09-14 00:50:22', 86),
(657, 'You are accepted to join group Horse Lovers Club.', '2024-09-15 00:50:22', 93),
(658, 'bestbuddies request to join group Horse Lovers Club.', '2024-09-15 11:11:02', 86),
(659, 'You are accepted to join group Horse Lovers Club.', '2024-09-16 11:11:02', 79),
(660, 'rescuebuddy request to join group Horse Lovers Club.', '2024-09-01 06:41:32', 86),
(661, 'You are accepted to join group Horse Lovers Club.', '2024-09-02 06:41:32', 91),
(662, 'New message in group Walking Routes for Dogs.', '2024-11-01 08:55:23', 61),
(663, 'New message in group Walking Routes for Dogs.', '2024-11-01 08:55:23', 62),
(664, 'New message in group Walking Routes for Dogs.', '2024-11-01 08:55:23', 63),
(665, 'New message in group Walking Routes for Dogs.', '2024-11-01 08:55:23', 72),
(666, 'New message in group Walking Routes for Dogs.', '2024-11-01 08:55:23', 83),
(667, 'New message in group Walking Routes for Dogs.', '2024-11-01 08:55:23', 88),
(668, 'New message in group Walking Routes for Dogs.', '2024-11-01 08:55:23', 93),
(669, 'New message in group Walking Routes for Dogs.', '2024-11-01 08:55:23', 97),
(670, 'New message in group Walking Routes for Dogs.', '2024-11-01 09:02:15', 61),
(671, 'New message in group Walking Routes for Dogs.', '2024-11-01 09:02:15', 63),
(672, 'New message in group Walking Routes for Dogs.', '2024-11-01 09:02:15', 72),
(673, 'New message in group Walking Routes for Dogs.', '2024-11-01 09:02:15', 83),
(674, 'New message in group Walking Routes for Dogs.', '2024-11-01 09:02:15', 88),
(675, 'New message in group Walking Routes for Dogs.', '2024-11-01 09:02:15', 93),
(676, 'New message in group Walking Routes for Dogs.', '2024-11-01 09:02:15', 97),
(677, 'New message in group Walking Routes for Dogs.', '2024-11-01 09:02:15', 99),
(678, 'New message in group Walking Routes for Dogs.', '2024-11-01 09:18:42', 61),
(679, 'New message in group Walking Routes for Dogs.', '2024-11-01 09:18:42', 62),
(680, 'New message in group Walking Routes for Dogs.', '2024-11-01 09:18:42', 63),
(681, 'New message in group Walking Routes for Dogs.', '2024-11-01 09:18:42', 72),
(682, 'New message in group Walking Routes for Dogs.', '2024-11-01 09:18:42', 83),
(683, 'New message in group Walking Routes for Dogs.', '2024-11-01 09:18:42', 88),
(684, 'New message in group Walking Routes for Dogs.', '2024-11-01 09:18:42', 93),
(685, 'New message in group Walking Routes for Dogs.', '2024-11-01 09:18:42', 99),
(686, 'New message in group Walking Routes for Dogs.', '2024-11-01 10:12:30', 61),
(687, 'New message in group Walking Routes for Dogs.', '2024-11-01 10:12:30', 62),
(688, 'New message in group Walking Routes for Dogs.', '2024-11-01 10:12:30', 72),
(689, 'New message in group Walking Routes for Dogs.', '2024-11-01 10:12:30', 83),
(690, 'New message in group Walking Routes for Dogs.', '2024-11-01 10:12:30', 88),
(691, 'New message in group Walking Routes for Dogs.', '2024-11-01 10:12:30', 93),
(692, 'New message in group Walking Routes for Dogs.', '2024-11-01 10:12:30', 97),
(693, 'New message in group Walking Routes for Dogs.', '2024-11-01 10:12:30', 99),
(694, 'New message in group Walking Routes for Dogs.', '2024-11-01 10:24:53', 61),
(695, 'New message in group Walking Routes for Dogs.', '2024-11-01 10:24:53', 62),
(696, 'New message in group Walking Routes for Dogs.', '2024-11-01 10:24:53', 63),
(697, 'New message in group Walking Routes for Dogs.', '2024-11-01 10:24:53', 72),
(698, 'New message in group Walking Routes for Dogs.', '2024-11-01 10:24:53', 88),
(699, 'New message in group Walking Routes for Dogs.', '2024-11-01 10:24:53', 93),
(700, 'New message in group Walking Routes for Dogs.', '2024-11-01 10:24:53', 97),
(701, 'New message in group Walking Routes for Dogs.', '2024-11-01 10:24:53', 99),
(702, 'New message in group Pet Adoptions & Fostering.', '2024-11-02 14:45:12', 58),
(703, 'New message in group Pet Adoptions & Fostering.', '2024-11-02 14:45:12', 91),
(704, 'New message in group Pet Adoptions & Fostering.', '2024-11-02 14:45:12', 79),
(705, 'New message in group Pet Adoptions & Fostering.', '2024-11-02 14:45:12', 71),
(706, 'New message in group Pet Adoptions & Fostering.', '2024-11-02 14:45:12', 94),
(707, 'New message in group Pet Adoptions & Fostering.', '2024-11-02 14:45:12', 84),
(708, 'New message in group Pet Adoptions & Fostering.', '2024-11-02 14:45:12', 98),
(709, 'New message in group Pet Adoptions & Fostering.', '2024-11-02 14:45:12', 83),
(710, 'New message in group Pet Adoptions & Fostering.', '2024-11-02 15:01:47', 58),
(711, 'New message in group Pet Adoptions & Fostering.', '2024-11-02 15:01:47', 92),
(712, 'New message in group Pet Adoptions & Fostering.', '2024-11-02 15:01:47', 79),
(713, 'New message in group Pet Adoptions & Fostering.', '2024-11-02 15:01:47', 71),
(714, 'New message in group Pet Adoptions & Fostering.', '2024-11-02 15:01:47', 94),
(715, 'New message in group Pet Adoptions & Fostering.', '2024-11-02 15:01:47', 84),
(716, 'New message in group Pet Adoptions & Fostering.', '2024-11-02 15:01:47', 98),
(717, 'New message in group Pet Adoptions & Fostering.', '2024-11-02 15:01:47', 83),
(718, 'New message in group Pet Adoptions & Fostering.', '2024-11-02 15:12:31', 91),
(719, 'New message in group Pet Adoptions & Fostering.', '2024-11-02 15:12:31', 92),
(720, 'New message in group Pet Adoptions & Fostering.', '2024-11-02 15:12:31', 79),
(721, 'New message in group Pet Adoptions & Fostering.', '2024-11-02 15:12:31', 71),
(722, 'New message in group Pet Adoptions & Fostering.', '2024-11-02 15:12:31', 94),
(723, 'New message in group Pet Adoptions & Fostering.', '2024-11-02 15:12:31', 84),
(724, 'New message in group Pet Adoptions & Fostering.', '2024-11-02 15:12:31', 98),
(725, 'New message in group Pet Adoptions & Fostering.', '2024-11-02 15:12:31', 83),
(726, 'New message in group Pet Adoptions & Fostering.', '2024-11-02 15:45:10', 58),
(727, 'New message in group Pet Adoptions & Fostering.', '2024-11-02 15:45:10', 91),
(728, 'New message in group Pet Adoptions & Fostering.', '2024-11-02 15:45:10', 79),
(729, 'New message in group Pet Adoptions & Fostering.', '2024-11-02 15:45:10', 71),
(730, 'New message in group Pet Adoptions & Fostering.', '2024-11-02 15:45:10', 94),
(731, 'New message in group Pet Adoptions & Fostering.', '2024-11-02 15:45:10', 84),
(732, 'New message in group Pet Adoptions & Fostering.', '2024-11-02 15:45:10', 98),
(733, 'New message in group Pet Adoptions & Fostering.', '2024-11-02 15:45:10', 83),
(734, 'New message in group Pet Adoptions & Fostering.', '2024-11-02 16:02:20', 58),
(735, 'New message in group Pet Adoptions & Fostering.', '2024-11-02 16:02:20', 91),
(736, 'New message in group Pet Adoptions & Fostering.', '2024-11-02 16:02:20', 92),
(737, 'New message in group Pet Adoptions & Fostering.', '2024-11-02 16:02:20', 79),
(738, 'New message in group Pet Adoptions & Fostering.', '2024-11-02 16:02:20', 71),
(739, 'New message in group Pet Adoptions & Fostering.', '2024-11-02 16:02:20', 84),
(740, 'New message in group Pet Adoptions & Fostering.', '2024-11-02 16:02:20', 98),
(741, 'New message in group Pet Adoptions & Fostering.', '2024-11-02 16:02:20', 83),
(742, 'New message in group Aquarium Lovers.', '2024-11-03 12:22:33', 70),
(743, 'New message in group Aquarium Lovers.', '2024-11-03 12:22:33', 95),
(744, 'New message in group Aquarium Lovers.', '2024-11-03 12:22:33', 81),
(745, 'New message in group Aquarium Lovers.', '2024-11-03 12:22:33', 85),
(746, 'New message in group Aquarium Lovers.', '2024-11-03 12:22:33', 77),
(747, 'New message in group Aquarium Lovers.', '2024-11-03 12:37:55', 70),
(748, 'New message in group Aquarium Lovers.', '2024-11-03 12:37:55', 66),
(749, 'New message in group Aquarium Lovers.', '2024-11-03 12:37:55', 81),
(750, 'New message in group Aquarium Lovers.', '2024-11-03 12:37:55', 85),
(751, 'New message in group Aquarium Lovers.', '2024-11-03 12:37:55', 77),
(752, 'New message in group Aquarium Lovers.', '2024-11-03 13:04:12', 95),
(753, 'New message in group Aquarium Lovers.', '2024-11-03 13:04:12', 66),
(754, 'New message in group Aquarium Lovers.', '2024-11-03 13:04:12', 81),
(755, 'New message in group Aquarium Lovers.', '2024-11-03 13:04:12', 85),
(756, 'New message in group Aquarium Lovers.', '2024-11-03 13:04:12', 77),
(757, 'New message in group Aquarium Lovers.', '2024-11-03 13:20:42', 70),
(758, 'New message in group Aquarium Lovers.', '2024-11-03 13:20:42', 95),
(759, 'New message in group Aquarium Lovers.', '2024-11-03 13:20:42', 81),
(760, 'New message in group Aquarium Lovers.', '2024-11-03 13:20:42', 85),
(761, 'New message in group Aquarium Lovers.', '2024-11-03 13:20:42', 77),
(762, 'New message in group Aquarium Lovers.', '2024-11-03 13:45:10', 70),
(763, 'New message in group Aquarium Lovers.', '2024-11-03 13:45:10', 95),
(764, 'New message in group Aquarium Lovers.', '2024-11-03 13:45:10', 66),
(765, 'New message in group Aquarium Lovers.', '2024-11-03 13:45:10', 81),
(766, 'New message in group Aquarium Lovers.', '2024-11-03 13:45:10', 77),
(767, 'New message in group Parrot Enthusiasts.', '2024-11-04 08:35:25', 57),
(768, 'New message in group Parrot Enthusiasts.', '2024-11-04 08:35:25', 78),
(769, 'New message in group Parrot Enthusiasts.', '2024-11-04 08:35:25', 74),
(770, 'New message in group Parrot Enthusiasts.', '2024-11-04 08:35:25', 76),
(771, 'New message in group Parrot Enthusiasts.', '2024-11-04 08:48:13', 63),
(772, 'New message in group Parrot Enthusiasts.', '2024-11-04 08:48:13', 78),
(773, 'New message in group Parrot Enthusiasts.', '2024-11-04 08:48:13', 74),
(774, 'New message in group Parrot Enthusiasts.', '2024-11-04 08:48:13', 76),
(775, 'New message in group Parrot Enthusiasts.', '2024-11-04 09:10:45', 57),
(776, 'New message in group Parrot Enthusiasts.', '2024-11-04 09:10:45', 63),
(777, 'New message in group Parrot Enthusiasts.', '2024-11-04 09:10:45', 78),
(778, 'New message in group Parrot Enthusiasts.', '2024-11-04 09:10:45', 76),
(779, 'New message in group Parrot Enthusiasts.', '2024-11-04 09:22:59', 57),
(780, 'New message in group Parrot Enthusiasts.', '2024-11-04 09:22:59', 78),
(781, 'New message in group Parrot Enthusiasts.', '2024-11-04 09:22:59', 74),
(782, 'New message in group Parrot Enthusiasts.', '2024-11-04 09:22:59', 76),
(783, 'New message in group Parrot Enthusiasts.', '2024-11-04 09:38:30', 57),
(784, 'New message in group Parrot Enthusiasts.', '2024-11-04 09:38:30', 63),
(785, 'New message in group Parrot Enthusiasts.', '2024-11-04 09:38:30', 78),
(786, 'New message in group Parrot Enthusiasts.', '2024-11-04 09:38:30', 74),
(787, 'New message in group Dog Training Tips.', '2024-11-05 11:11:11', 72),
(788, 'New message in group Dog Training Tips.', '2024-11-05 11:11:11', 61),
(789, 'New message in group Dog Training Tips.', '2024-11-05 11:11:11', 75),
(790, 'New message in group Dog Training Tips.', '2024-11-05 11:11:11', 86),
(791, 'New message in group Dog Training Tips.', '2024-11-05 11:11:11', 89),
(792, 'New message in group Dog Training Tips.', '2024-11-05 11:11:11', 90),
(793, 'New message in group Dog Training Tips.', '2024-11-05 11:11:11', 91),
(794, 'New message in group Dog Training Tips.', '2024-11-05 11:11:11', 64),
(795, 'New message in group Dog Training Tips.', '2024-11-05 11:20:52', 72),
(796, 'New message in group Dog Training Tips.', '2024-11-05 11:20:52', 61),
(797, 'New message in group Dog Training Tips.', '2024-11-05 11:20:52', 68),
(798, 'New message in group Dog Training Tips.', '2024-11-05 11:20:52', 75),
(799, 'New message in group Dog Training Tips.', '2024-11-05 11:20:52', 89),
(800, 'New message in group Dog Training Tips.', '2024-11-05 11:20:52', 90),
(801, 'New message in group Dog Training Tips.', '2024-11-05 11:20:52', 91),
(802, 'New message in group Dog Training Tips.', '2024-11-05 11:20:52', 64),
(803, 'New message in group Dog Training Tips.', '2024-11-05 11:35:29', 72),
(804, 'New message in group Dog Training Tips.', '2024-11-05 11:35:29', 61),
(805, 'New message in group Dog Training Tips.', '2024-11-05 11:35:29', 68),
(806, 'New message in group Dog Training Tips.', '2024-11-05 11:35:29', 75),
(807, 'New message in group Dog Training Tips.', '2024-11-05 11:35:29', 86),
(808, 'New message in group Dog Training Tips.', '2024-11-05 11:35:29', 89),
(809, 'New message in group Dog Training Tips.', '2024-11-05 11:35:29', 90),
(810, 'New message in group Dog Training Tips.', '2024-11-05 11:35:29', 91),
(811, 'New message in group Dog Training Tips.', '2024-11-05 11:35:29', 64),
(812, 'New message in group Dog Training Tips.', '2024-11-05 11:49:50', 72),
(813, 'New message in group Dog Training Tips.', '2024-11-05 11:49:50', 61),
(814, 'New message in group Dog Training Tips.', '2024-11-05 11:49:50', 75),
(815, 'New message in group Dog Training Tips.', '2024-11-05 11:49:50', 86),
(816, 'New message in group Dog Training Tips.', '2024-11-05 11:49:50', 89),
(817, 'New message in group Dog Training Tips.', '2024-11-05 11:49:50', 90),
(818, 'New message in group Dog Training Tips.', '2024-11-05 11:49:50', 91),
(819, 'New message in group Dog Training Tips.', '2024-11-05 11:49:50', 64),
(820, 'New message in group Dog Training Tips.', '2024-11-05 12:04:15', 72),
(821, 'New message in group Dog Training Tips.', '2024-11-05 12:04:15', 68),
(822, 'New message in group Dog Training Tips.', '2024-11-05 12:04:15', 75),
(823, 'New message in group Dog Training Tips.', '2024-11-05 12:04:15', 86),
(824, 'New message in group Dog Training Tips.', '2024-11-05 12:04:15', 89),
(825, 'New message in group Dog Training Tips.', '2024-11-05 12:04:15', 90),
(826, 'New message in group Dog Training Tips.', '2024-11-05 12:04:15', 91),
(827, 'New message in group Dog Training Tips.', '2024-11-05 12:04:15', 64),
(828, 'New message in group Cat Café Fans.', '2024-11-06 14:23:32', 74),
(829, 'New message in group Cat Café Fans.', '2024-11-06 14:23:32', 85),
(830, 'New message in group Cat Café Fans.', '2024-11-06 14:23:32', 67),
(831, 'New message in group Cat Café Fans.', '2024-11-06 14:23:32', 78),
(832, 'New message in group Cat Café Fans.', '2024-11-06 14:23:32', 83),
(833, 'New message in group Cat Café Fans.', '2024-11-06 14:23:32', 81),
(834, 'New message in group Cat Café Fans.', '2024-11-06 14:23:32', 73),
(835, 'New message in group Cat Café Fans.', '2024-11-06 14:23:32', 87),
(836, 'New message in group Cat Café Fans.', '2024-11-06 14:35:47', 59),
(837, 'New message in group Cat Café Fans.', '2024-11-06 14:35:47', 85),
(838, 'New message in group Cat Café Fans.', '2024-11-06 14:35:47', 67),
(839, 'New message in group Cat Café Fans.', '2024-11-06 14:35:47', 78),
(840, 'New message in group Cat Café Fans.', '2024-11-06 14:35:47', 83),
(841, 'New message in group Cat Café Fans.', '2024-11-06 14:35:47', 81),
(842, 'New message in group Cat Café Fans.', '2024-11-06 14:35:47', 73),
(843, 'New message in group Cat Café Fans.', '2024-11-06 14:35:47', 87),
(844, 'New message in group Cat Café Fans.', '2024-11-06 14:50:13', 59),
(845, 'New message in group Cat Café Fans.', '2024-11-06 14:50:13', 74),
(846, 'New message in group Cat Café Fans.', '2024-11-06 14:50:13', 85),
(847, 'New message in group Cat Café Fans.', '2024-11-06 14:50:13', 67),
(848, 'New message in group Cat Café Fans.', '2024-11-06 14:50:13', 83),
(849, 'New message in group Cat Café Fans.', '2024-11-06 14:50:13', 81),
(850, 'New message in group Cat Café Fans.', '2024-11-06 14:50:13', 73),
(851, 'New message in group Cat Café Fans.', '2024-11-06 14:50:13', 87),
(852, 'New message in group Cat Café Fans.', '2024-11-06 15:03:20', 59),
(853, 'New message in group Cat Café Fans.', '2024-11-06 15:03:20', 74),
(854, 'New message in group Cat Café Fans.', '2024-11-06 15:03:20', 67),
(855, 'New message in group Cat Café Fans.', '2024-11-06 15:03:20', 78),
(856, 'New message in group Cat Café Fans.', '2024-11-06 15:03:20', 83),
(857, 'New message in group Cat Café Fans.', '2024-11-06 15:03:20', 81),
(858, 'New message in group Cat Café Fans.', '2024-11-06 15:03:20', 73),
(859, 'New message in group Cat Café Fans.', '2024-11-06 15:03:20', 87),
(860, 'New message in group Cat Café Fans.', '2024-11-06 15:18:45', 59),
(861, 'New message in group Cat Café Fans.', '2024-11-06 15:18:45', 74),
(862, 'New message in group Cat Café Fans.', '2024-11-06 15:18:45', 85),
(863, 'New message in group Cat Café Fans.', '2024-11-06 15:18:45', 67),
(864, 'New message in group Cat Café Fans.', '2024-11-06 15:18:45', 78),
(865, 'New message in group Cat Café Fans.', '2024-11-06 15:18:45', 83),
(866, 'New message in group Cat Café Fans.', '2024-11-06 15:18:45', 81),
(867, 'New message in group Cat Café Fans.', '2024-11-06 15:18:45', 73),
(868, 'New message in group Reptile Keepers.', '2024-11-07 10:33:17', 95),
(869, 'New message in group Reptile Keepers.', '2024-11-07 10:33:17', 66),
(870, 'New message in group Reptile Keepers.', '2024-11-07 10:33:17', 85),
(871, 'New message in group Reptile Keepers.', '2024-11-07 10:33:17', 92),
(872, 'New message in group Reptile Keepers.', '2024-11-07 10:33:17', 94),
(873, 'New message in group Reptile Keepers.', '2024-11-07 10:48:45', 70),
(874, 'New message in group Reptile Keepers.', '2024-11-07 10:48:45', 66),
(875, 'New message in group Reptile Keepers.', '2024-11-07 10:48:45', 85),
(876, 'New message in group Reptile Keepers.', '2024-11-07 10:48:45', 92),
(877, 'New message in group Reptile Keepers.', '2024-11-07 10:48:45', 94),
(878, 'New message in group Reptile Keepers.', '2024-11-07 11:05:20', 70),
(879, 'New message in group Reptile Keepers.', '2024-11-07 11:05:20', 95),
(880, 'New message in group Reptile Keepers.', '2024-11-07 11:05:20', 85),
(881, 'New message in group Reptile Keepers.', '2024-11-07 11:05:20', 92),
(882, 'New message in group Reptile Keepers.', '2024-11-07 11:05:20', 94),
(883, 'New message in group Reptile Keepers.', '2024-11-07 11:25:35', 95),
(884, 'New message in group Reptile Keepers.', '2024-11-07 11:25:35', 66),
(885, 'New message in group Reptile Keepers.', '2024-11-07 11:25:35', 85),
(886, 'New message in group Reptile Keepers.', '2024-11-07 11:25:35', 92),
(887, 'New message in group Reptile Keepers.', '2024-11-07 11:25:35', 94),
(888, 'New message in group Pet Photography.', '2024-11-08 09:15:45', 54),
(889, 'New message in group Pet Photography.', '2024-11-08 09:15:45', 82),
(890, 'New message in group Pet Photography.', '2024-11-08 09:15:45', 77),
(891, 'New message in group Pet Photography.', '2024-11-08 09:15:45', 96),
(892, 'New message in group Pet Photography.', '2024-11-08 09:15:45', 80),
(893, 'New message in group Pet Photography.', '2024-11-08 09:29:30', 82),
(894, 'New message in group Pet Photography.', '2024-11-08 09:29:30', 77),
(895, 'New message in group Pet Photography.', '2024-11-08 09:29:30', 69),
(896, 'New message in group Pet Photography.', '2024-11-08 09:29:30', 96),
(897, 'New message in group Pet Photography.', '2024-11-08 09:29:30', 80),
(898, 'New message in group Pet Photography.', '2024-11-08 09:41:20', 54),
(899, 'New message in group Pet Photography.', '2024-11-08 09:41:20', 82),
(900, 'New message in group Pet Photography.', '2024-11-08 09:41:20', 77),
(901, 'New message in group Pet Photography.', '2024-11-08 09:41:20', 69),
(902, 'New message in group Pet Photography.', '2024-11-08 09:41:20', 80),
(903, 'New message in group Pet Photography.', '2024-11-08 10:05:55', 54),
(904, 'New message in group Pet Photography.', '2024-11-08 10:05:55', 82),
(905, 'New message in group Pet Photography.', '2024-11-08 10:05:55', 77),
(906, 'New message in group Pet Photography.', '2024-11-08 10:05:55', 96),
(907, 'New message in group Pet Photography.', '2024-11-08 10:05:55', 80),
(908, 'New message in group Pet Photography.', '2024-11-08 10:15:05', 54),
(909, 'New message in group Pet Photography.', '2024-11-08 10:15:05', 82),
(910, 'New message in group Pet Photography.', '2024-11-08 10:15:05', 77),
(911, 'New message in group Pet Photography.', '2024-11-08 10:15:05', 69),
(912, 'New message in group Pet Photography.', '2024-11-08 10:15:05', 96),
(913, 'New message in group Lost & Found Pets.', '2024-11-09 13:12:12', 79),
(914, 'New message in group Lost & Found Pets.', '2024-11-09 13:12:12', 94),
(915, 'New message in group Lost & Found Pets.', '2024-11-09 13:12:12', 88),
(916, 'New message in group Lost & Found Pets.', '2024-11-09 13:12:12', 95),
(917, 'New message in group Lost & Found Pets.', '2024-11-09 13:12:12', 98),
(918, 'New message in group Lost & Found Pets.', '2024-11-09 13:12:12', 84),
(919, 'New message in group Lost & Found Pets.', '2024-11-09 13:12:12', 62),
(920, 'New message in group Lost & Found Pets.', '2024-11-09 13:12:12', 63),
(921, 'New message in group Lost & Found Pets.', '2024-11-09 13:25:40', 91),
(922, 'New message in group Lost & Found Pets.', '2024-11-09 13:25:40', 79),
(923, 'New message in group Lost & Found Pets.', '2024-11-09 13:25:40', 94),
(924, 'New message in group Lost & Found Pets.', '2024-11-09 13:25:40', 88),
(925, 'New message in group Lost & Found Pets.', '2024-11-09 13:25:40', 95),
(926, 'New message in group Lost & Found Pets.', '2024-11-09 13:25:40', 84),
(927, 'New message in group Lost & Found Pets.', '2024-11-09 13:25:40', 62),
(928, 'New message in group Lost & Found Pets.', '2024-11-09 13:25:40', 63),
(929, 'New message in group Lost & Found Pets.', '2024-11-09 13:40:23', 91),
(930, 'New message in group Lost & Found Pets.', '2024-11-09 13:40:23', 79),
(931, 'New message in group Lost & Found Pets.', '2024-11-09 13:40:23', 94),
(932, 'New message in group Lost & Found Pets.', '2024-11-09 13:40:23', 95),
(933, 'New message in group Lost & Found Pets.', '2024-11-09 13:40:23', 98),
(934, 'New message in group Lost & Found Pets.', '2024-11-09 13:40:23', 84),
(935, 'New message in group Lost & Found Pets.', '2024-11-09 13:40:23', 62),
(936, 'New message in group Lost & Found Pets.', '2024-11-09 13:40:23', 63),
(937, 'New message in group Lost & Found Pets.', '2024-11-09 13:52:10', 79),
(938, 'New message in group Lost & Found Pets.', '2024-11-09 13:52:10', 94),
(939, 'New message in group Lost & Found Pets.', '2024-11-09 13:52:10', 88),
(940, 'New message in group Lost & Found Pets.', '2024-11-09 13:52:10', 95),
(941, 'New message in group Lost & Found Pets.', '2024-11-09 13:52:10', 98),
(942, 'New message in group Lost & Found Pets.', '2024-11-09 13:52:10', 84),
(943, 'New message in group Lost & Found Pets.', '2024-11-09 13:52:10', 62),
(944, 'New message in group Lost & Found Pets.', '2024-11-09 13:52:10', 63),
(945, 'New message in group Pet-Friendly Travel.', '2024-11-10 11:11:55', 88),
(946, 'New message in group Pet-Friendly Travel.', '2024-11-10 11:11:55', 61),
(947, 'New message in group Pet-Friendly Travel.', '2024-11-10 11:11:55', 86),
(948, 'New message in group Pet-Friendly Travel.', '2024-11-10 11:11:55', 90),
(949, 'New message in group Pet-Friendly Travel.', '2024-11-10 11:11:55', 72),
(950, 'New message in group Pet-Friendly Travel.', '2024-11-10 11:24:45', 83),
(951, 'New message in group Pet-Friendly Travel.', '2024-11-10 11:24:45', 88),
(952, 'New message in group Pet-Friendly Travel.', '2024-11-10 11:24:45', 61),
(953, 'New message in group Pet-Friendly Travel.', '2024-11-10 11:24:45', 90),
(954, 'New message in group Pet-Friendly Travel.', '2024-11-10 11:24:45', 72),
(955, 'New message in group Pet-Friendly Travel.', '2024-11-10 11:35:13', 83),
(956, 'New message in group Pet-Friendly Travel.', '2024-11-10 11:35:13', 88),
(957, 'New message in group Pet-Friendly Travel.', '2024-11-10 11:35:13', 61),
(958, 'New message in group Pet-Friendly Travel.', '2024-11-10 11:35:13', 86),
(959, 'New message in group Pet-Friendly Travel.', '2024-11-10 11:35:13', 72),
(960, 'New message in group Pet-Friendly Travel.', '2024-11-10 11:52:30', 88),
(961, 'New message in group Pet-Friendly Travel.', '2024-11-10 11:52:30', 61),
(962, 'New message in group Pet-Friendly Travel.', '2024-11-10 11:52:30', 86),
(963, 'New message in group Pet-Friendly Travel.', '2024-11-10 11:52:30', 90),
(964, 'New message in group Pet-Friendly Travel.', '2024-11-10 11:52:30', 72),
(965, 'New message in group Rescue Pet Network.', '2024-11-11 08:30:20', 98),
(966, 'New message in group Rescue Pet Network.', '2024-11-11 08:30:20', 91),
(967, 'New message in group Rescue Pet Network.', '2024-11-11 08:30:20', 92),
(968, 'New message in group Rescue Pet Network.', '2024-11-11 08:30:20', 79),
(969, 'New message in group Rescue Pet Network.', '2024-11-11 08:30:20', 95),
(970, 'New message in group Rescue Pet Network.', '2024-11-11 08:30:20', 99),
(971, 'New message in group Rescue Pet Network.', '2024-11-11 08:30:20', 58),
(972, 'New message in group Rescue Pet Network.', '2024-11-11 08:30:20', 71),
(973, 'New message in group Rescue Pet Network.', '2024-11-11 08:50:40', 98),
(974, 'New message in group Rescue Pet Network.', '2024-11-11 08:50:40', 91),
(975, 'New message in group Rescue Pet Network.', '2024-11-11 08:50:40', 92),
(976, 'New message in group Rescue Pet Network.', '2024-11-11 08:50:40', 79),
(977, 'New message in group Rescue Pet Network.', '2024-11-11 08:50:40', 95),
(978, 'New message in group Rescue Pet Network.', '2024-11-11 08:50:40', 99),
(979, 'New message in group Rescue Pet Network.', '2024-11-11 08:50:40', 58),
(980, 'New message in group Rescue Pet Network.', '2024-11-11 08:50:40', 71),
(981, 'New message in group Rescue Pet Network.', '2024-11-11 09:10:15', 98),
(982, 'New message in group Rescue Pet Network.', '2024-11-11 09:10:15', 91),
(983, 'New message in group Rescue Pet Network.', '2024-11-11 09:10:15', 92),
(984, 'New message in group Rescue Pet Network.', '2024-11-11 09:10:15', 79),
(985, 'New message in group Rescue Pet Network.', '2024-11-11 09:10:15', 95),
(986, 'New message in group Rescue Pet Network.', '2024-11-11 09:10:15', 99),
(987, 'New message in group Rescue Pet Network.', '2024-11-11 09:10:15', 58),
(988, 'New message in group Rescue Pet Network.', '2024-11-11 09:10:15', 71),
(989, 'New message in group Rescue Pet Network.', '2024-11-11 09:22:31', 98),
(990, 'New message in group Rescue Pet Network.', '2024-11-11 09:22:31', 91),
(991, 'New message in group Rescue Pet Network.', '2024-11-11 09:22:31', 92),
(992, 'New message in group Rescue Pet Network.', '2024-11-11 09:22:31', 79),
(993, 'New message in group Rescue Pet Network.', '2024-11-11 09:22:31', 95),
(994, 'New message in group Rescue Pet Network.', '2024-11-11 09:22:31', 99),
(995, 'New message in group Rescue Pet Network.', '2024-11-11 09:22:31', 58),
(996, 'New message in group Rescue Pet Network.', '2024-11-11 09:22:31', 71),
(997, 'New message in group Rescue Pet Network.', '2024-11-11 09:40:22', 98),
(998, 'New message in group Rescue Pet Network.', '2024-11-11 09:40:22', 91),
(999, 'New message in group Rescue Pet Network.', '2024-11-11 09:40:22', 92),
(1000, 'New message in group Rescue Pet Network.', '2024-11-11 09:40:22', 79),
(1001, 'New message in group Rescue Pet Network.', '2024-11-11 09:40:22', 95),
(1002, 'New message in group Rescue Pet Network.', '2024-11-11 09:40:22', 99),
(1003, 'New message in group Rescue Pet Network.', '2024-11-11 09:40:22', 58),
(1004, 'New message in group Rescue Pet Network.', '2024-11-11 09:40:22', 71),
(1005, 'New message in group Ferret Friends.', '2024-11-12 10:01:05', 55),
(1006, 'New message in group Ferret Friends.', '2024-11-12 10:01:05', 64),
(1007, 'New message in group Ferret Friends.', '2024-11-12 10:01:05', 74),
(1008, 'New message in group Ferret Friends.', '2024-11-12 10:01:05', 66),
(1009, 'New message in group Ferret Friends.', '2024-11-12 10:20:30', 55),
(1010, 'New message in group Ferret Friends.', '2024-11-12 10:20:30', 64),
(1011, 'New message in group Ferret Friends.', '2024-11-12 10:20:30', 74),
(1012, 'New message in group Ferret Friends.', '2024-11-12 10:20:30', 66),
(1013, 'New message in group Ferret Friends.', '2024-11-12 10:45:40', 55),
(1014, 'New message in group Ferret Friends.', '2024-11-12 10:45:40', 64),
(1015, 'New message in group Ferret Friends.', '2024-11-12 10:45:40', 74),
(1016, 'New message in group Ferret Friends.', '2024-11-12 10:45:40', 66),
(1017, 'New message in group Ferret Friends.', '2024-11-12 11:02:50', 55),
(1018, 'New message in group Ferret Friends.', '2024-11-12 11:02:50', 64),
(1019, 'New message in group Ferret Friends.', '2024-11-12 11:02:50', 74),
(1020, 'New message in group Ferret Friends.', '2024-11-12 11:02:50', 66),
(1021, 'New message in group Ferret Friends.', '2024-11-12 11:22:11', 55),
(1022, 'New message in group Ferret Friends.', '2024-11-12 11:22:11', 64),
(1023, 'New message in group Ferret Friends.', '2024-11-12 11:22:11', 74),
(1024, 'New message in group Ferret Friends.', '2024-11-12 11:22:11', 66),
(1025, 'New message in group Small Animal Lovers.', '2024-11-13 07:15:30', 93),
(1026, 'New message in group Small Animal Lovers.', '2024-11-13 07:15:30', 81),
(1027, 'New message in group Small Animal Lovers.', '2024-11-13 07:15:30', 83),
(1028, 'New message in group Small Animal Lovers.', '2024-11-13 07:15:30', 75),
(1029, 'New message in group Small Animal Lovers.', '2024-11-13 07:15:30', 61),
(1030, 'New message in group Small Animal Lovers.', '2024-11-13 07:15:30', 68),
(1031, 'New message in group Small Animal Lovers.', '2024-11-13 07:15:30', 76),
(1032, 'New message in group Small Animal Lovers.', '2024-11-13 07:40:45', 93),
(1033, 'New message in group Small Animal Lovers.', '2024-11-13 07:40:45', 81),
(1034, 'New message in group Small Animal Lovers.', '2024-11-13 07:40:45', 83),
(1035, 'New message in group Small Animal Lovers.', '2024-11-13 07:40:45', 75),
(1036, 'New message in group Small Animal Lovers.', '2024-11-13 07:40:45', 61),
(1037, 'New message in group Small Animal Lovers.', '2024-11-13 07:40:45', 68),
(1038, 'New message in group Small Animal Lovers.', '2024-11-13 07:40:45', 76),
(1039, 'New message in group Small Animal Lovers.', '2024-11-13 08:10:25', 93),
(1040, 'New message in group Small Animal Lovers.', '2024-11-13 08:10:25', 81),
(1041, 'New message in group Small Animal Lovers.', '2024-11-13 08:10:25', 83),
(1042, 'New message in group Small Animal Lovers.', '2024-11-13 08:10:25', 75),
(1043, 'New message in group Small Animal Lovers.', '2024-11-13 08:10:25', 61),
(1044, 'New message in group Small Animal Lovers.', '2024-11-13 08:10:25', 68),
(1045, 'New message in group Small Animal Lovers.', '2024-11-13 08:10:25', 76),
(1046, 'New message in group Small Animal Lovers.', '2024-11-13 08:30:10', 93),
(1047, 'New message in group Small Animal Lovers.', '2024-11-13 08:30:10', 81),
(1048, 'New message in group Small Animal Lovers.', '2024-11-13 08:30:10', 83),
(1049, 'New message in group Small Animal Lovers.', '2024-11-13 08:30:10', 75),
(1050, 'New message in group Small Animal Lovers.', '2024-11-13 08:30:10', 61),
(1051, 'New message in group Small Animal Lovers.', '2024-11-13 08:30:10', 68),
(1052, 'New message in group Small Animal Lovers.', '2024-11-13 08:30:10', 76),
(1053, 'New message in group Small Animal Lovers.', '2024-11-13 08:50:40', 93),
(1054, 'New message in group Small Animal Lovers.', '2024-11-13 08:50:40', 81),
(1055, 'New message in group Small Animal Lovers.', '2024-11-13 08:50:40', 83),
(1056, 'New message in group Small Animal Lovers.', '2024-11-13 08:50:40', 75),
(1057, 'New message in group Small Animal Lovers.', '2024-11-13 08:50:40', 61),
(1058, 'New message in group Small Animal Lovers.', '2024-11-13 08:50:40', 68),
(1059, 'New message in group Small Animal Lovers.', '2024-11-13 08:50:40', 76),
(1060, 'New message in group Senior Pets Support.', '2024-11-14 09:00:25', 79),
(1061, 'New message in group Senior Pets Support.', '2024-11-14 09:00:25', 86),
(1062, 'New message in group Senior Pets Support.', '2024-11-14 09:00:25', 89),
(1063, 'New message in group Senior Pets Support.', '2024-11-14 09:00:25', 90),
(1064, 'New message in group Senior Pets Support.', '2024-11-14 09:00:25', 87),
(1065, 'New message in group Senior Pets Support.', '2024-11-14 09:00:25', 77),
(1066, 'New message in group Senior Pets Support.', '2024-11-14 09:15:50', 79),
(1067, 'New message in group Senior Pets Support.', '2024-11-14 09:15:50', 86),
(1068, 'New message in group Senior Pets Support.', '2024-11-14 09:15:50', 89),
(1069, 'New message in group Senior Pets Support.', '2024-11-14 09:15:50', 90),
(1070, 'New message in group Senior Pets Support.', '2024-11-14 09:15:50', 87),
(1071, 'New message in group Senior Pets Support.', '2024-11-14 09:15:50', 77),
(1072, 'New message in group Senior Pets Support.', '2024-11-14 09:30:15', 79),
(1073, 'New message in group Senior Pets Support.', '2024-11-14 09:30:15', 86),
(1074, 'New message in group Senior Pets Support.', '2024-11-14 09:30:15', 89),
(1075, 'New message in group Senior Pets Support.', '2024-11-14 09:30:15', 90),
(1076, 'New message in group Senior Pets Support.', '2024-11-14 09:30:15', 87),
(1077, 'New message in group Senior Pets Support.', '2024-11-14 09:30:15', 77),
(1078, 'New message in group Senior Pets Support.', '2024-11-14 09:45:30', 79),
(1079, 'New message in group Senior Pets Support.', '2024-11-14 09:45:30', 86),
(1080, 'New message in group Senior Pets Support.', '2024-11-14 09:45:30', 89),
(1081, 'New message in group Senior Pets Support.', '2024-11-14 09:45:30', 90),
(1082, 'New message in group Senior Pets Support.', '2024-11-14 09:45:30', 87),
(1083, 'New message in group Senior Pets Support.', '2024-11-14 09:45:30', 77),
(1084, 'New message in group Senior Pets Support.', '2024-11-14 10:05:00', 79),
(1085, 'New message in group Senior Pets Support.', '2024-11-14 10:05:00', 86),
(1086, 'New message in group Senior Pets Support.', '2024-11-14 10:05:00', 89),
(1087, 'New message in group Senior Pets Support.', '2024-11-14 10:05:00', 90),
(1088, 'New message in group Senior Pets Support.', '2024-11-14 10:05:00', 87),
(1089, 'New message in group Senior Pets Support.', '2024-11-14 10:05:00', 77),
(1090, 'New message in group Dog Agility Training.', '2024-11-15 12:15:25', 75),
(1091, 'New message in group Dog Agility Training.', '2024-11-15 12:15:25', 61),
(1092, 'New message in group Dog Agility Training.', '2024-11-15 12:15:25', 68),
(1093, 'New message in group Dog Agility Training.', '2024-11-15 12:15:25', 83),
(1094, 'New message in group Dog Agility Training.', '2024-11-15 12:15:25', 88),
(1095, 'New message in group Dog Agility Training.', '2024-11-15 12:15:25', 90),
(1096, 'New message in group Dog Agility Training.', '2024-11-15 12:15:25', 99),
(1097, 'New message in group Dog Agility Training.', '2024-11-15 12:30:10', 75),
(1098, 'New message in group Dog Agility Training.', '2024-11-15 12:30:10', 61),
(1099, 'New message in group Dog Agility Training.', '2024-11-15 12:30:10', 68),
(1100, 'New message in group Dog Agility Training.', '2024-11-15 12:30:10', 83),
(1101, 'New message in group Dog Agility Training.', '2024-11-15 12:30:10', 88),
(1102, 'New message in group Dog Agility Training.', '2024-11-15 12:30:10', 90),
(1103, 'New message in group Dog Agility Training.', '2024-11-15 12:30:10', 99),
(1104, 'New message in group Dog Agility Training.', '2024-11-15 12:45:50', 75),
(1105, 'New message in group Dog Agility Training.', '2024-11-15 12:45:50', 61),
(1106, 'New message in group Dog Agility Training.', '2024-11-15 12:45:50', 68),
(1107, 'New message in group Dog Agility Training.', '2024-11-15 12:45:50', 83),
(1108, 'New message in group Dog Agility Training.', '2024-11-15 12:45:50', 88),
(1109, 'New message in group Dog Agility Training.', '2024-11-15 12:45:50', 90),
(1110, 'New message in group Dog Agility Training.', '2024-11-15 12:45:50', 99),
(1111, 'New message in group Dog Agility Training.', '2024-11-15 13:00:05', 75),
(1112, 'New message in group Dog Agility Training.', '2024-11-15 13:00:05', 61),
(1113, 'New message in group Dog Agility Training.', '2024-11-15 13:00:05', 68),
(1114, 'New message in group Dog Agility Training.', '2024-11-15 13:00:05', 83),
(1115, 'New message in group Dog Agility Training.', '2024-11-15 13:00:05', 88),
(1116, 'New message in group Dog Agility Training.', '2024-11-15 13:00:05', 90),
(1117, 'New message in group Dog Agility Training.', '2024-11-15 13:00:05', 99),
(1118, 'New message in group Dog Agility Training.', '2024-11-15 13:15:35', 75),
(1119, 'New message in group Dog Agility Training.', '2024-11-15 13:15:35', 61),
(1120, 'New message in group Dog Agility Training.', '2024-11-15 13:15:35', 68),
(1121, 'New message in group Dog Agility Training.', '2024-11-15 13:15:35', 83),
(1122, 'New message in group Dog Agility Training.', '2024-11-15 13:15:35', 88),
(1123, 'New message in group Dog Agility Training.', '2024-11-15 13:15:35', 90),
(1124, 'New message in group Dog Agility Training.', '2024-11-15 13:15:35', 99),
(1125, 'New message in group Pet Health & Wellness.', '2024-11-16 08:25:40', 86),
(1126, 'New message in group Pet Health & Wellness.', '2024-11-16 08:25:40', 79),
(1127, 'New message in group Pet Health & Wellness.', '2024-11-16 08:25:40', 93),
(1128, 'New message in group Pet Health & Wellness.', '2024-11-16 08:25:40', 84),
(1129, 'New message in group Pet Health & Wellness.', '2024-11-16 08:25:40', 77),
(1130, 'New message in group Pet Health & Wellness.', '2024-11-16 08:25:40', 89),
(1131, 'New message in group Pet Health & Wellness.', '2024-11-16 08:40:50', 86),
(1132, 'New message in group Pet Health & Wellness.', '2024-11-16 08:40:50', 79),
(1133, 'New message in group Pet Health & Wellness.', '2024-11-16 08:40:50', 93),
(1134, 'New message in group Pet Health & Wellness.', '2024-11-16 08:40:50', 84),
(1135, 'New message in group Pet Health & Wellness.', '2024-11-16 08:40:50', 77),
(1136, 'New message in group Pet Health & Wellness.', '2024-11-16 08:40:50', 89),
(1137, 'New message in group Pet Health & Wellness.', '2024-11-16 08:55:20', 86),
(1138, 'New message in group Pet Health & Wellness.', '2024-11-16 08:55:20', 79),
(1139, 'New message in group Pet Health & Wellness.', '2024-11-16 08:55:20', 93),
(1140, 'New message in group Pet Health & Wellness.', '2024-11-16 08:55:20', 84),
(1141, 'New message in group Pet Health & Wellness.', '2024-11-16 08:55:20', 77),
(1142, 'New message in group Pet Health & Wellness.', '2024-11-16 08:55:20', 89),
(1143, 'New message in group Pet Health & Wellness.', '2024-11-16 09:10:40', 86),
(1144, 'New message in group Pet Health & Wellness.', '2024-11-16 09:10:40', 79),
(1145, 'New message in group Pet Health & Wellness.', '2024-11-16 09:10:40', 93),
(1146, 'New message in group Pet Health & Wellness.', '2024-11-16 09:10:40', 84),
(1147, 'New message in group Pet Health & Wellness.', '2024-11-16 09:10:40', 77),
(1148, 'New message in group Pet Health & Wellness.', '2024-11-16 09:10:40', 89),
(1149, 'New message in group Exotic Pets Club.', '2024-11-17 14:10:25', 67),
(1150, 'New message in group Exotic Pets Club.', '2024-11-17 14:10:25', 70),
(1151, 'New message in group Exotic Pets Club.', '2024-11-17 14:10:25', 66),
(1152, 'New message in group Exotic Pets Club.', '2024-11-17 14:10:25', 85),
(1153, 'New message in group Exotic Pets Club.', '2024-11-17 14:10:25', 95),
(1154, 'New message in group Exotic Pets Club.', '2024-11-17 14:10:25', 74),
(1155, 'New message in group Exotic Pets Club.', '2024-11-17 14:30:10', 67),
(1156, 'New message in group Exotic Pets Club.', '2024-11-17 14:30:10', 70),
(1157, 'New message in group Exotic Pets Club.', '2024-11-17 14:30:10', 66),
(1158, 'New message in group Exotic Pets Club.', '2024-11-17 14:30:10', 85),
(1159, 'New message in group Exotic Pets Club.', '2024-11-17 14:30:10', 95),
(1160, 'New message in group Exotic Pets Club.', '2024-11-17 14:30:10', 74),
(1161, 'New message in group Exotic Pets Club.', '2024-11-17 14:45:55', 67),
(1162, 'New message in group Exotic Pets Club.', '2024-11-17 14:45:55', 70),
(1163, 'New message in group Exotic Pets Club.', '2024-11-17 14:45:55', 66),
(1164, 'New message in group Exotic Pets Club.', '2024-11-17 14:45:55', 85),
(1165, 'New message in group Exotic Pets Club.', '2024-11-17 14:45:55', 95),
(1166, 'New message in group Exotic Pets Club.', '2024-11-17 14:45:55', 74),
(1167, 'New message in group Exotic Pets Club.', '2024-11-17 15:02:30', 67),
(1168, 'New message in group Exotic Pets Club.', '2024-11-17 15:02:30', 70),
(1169, 'New message in group Exotic Pets Club.', '2024-11-17 15:02:30', 66),
(1170, 'New message in group Exotic Pets Club.', '2024-11-17 15:02:30', 85),
(1171, 'New message in group Exotic Pets Club.', '2024-11-17 15:02:30', 95),
(1172, 'New message in group Exotic Pets Club.', '2024-11-17 15:02:30', 74),
(1173, 'New message in group Feline Behavior & Training.', '2024-11-18 10:30:20', 85),
(1174, 'New message in group Feline Behavior & Training.', '2024-11-18 10:30:20', 78),
(1175, 'New message in group Feline Behavior & Training.', '2024-11-18 10:30:20', 74),
(1176, 'New message in group Feline Behavior & Training.', '2024-11-18 10:30:20', 67),
(1177, 'New message in group Feline Behavior & Training.', '2024-11-18 10:30:20', 63),
(1178, 'New message in group Feline Behavior & Training.', '2024-11-18 10:30:20', 81),
(1179, 'New message in group Feline Behavior & Training.', '2024-11-18 10:30:20', 59),
(1180, 'New message in group Feline Behavior & Training.', '2024-11-18 10:45:00', 85),
(1181, 'New message in group Feline Behavior & Training.', '2024-11-18 10:45:00', 78),
(1182, 'New message in group Feline Behavior & Training.', '2024-11-18 10:45:00', 74),
(1183, 'New message in group Feline Behavior & Training.', '2024-11-18 10:45:00', 67),
(1184, 'New message in group Feline Behavior & Training.', '2024-11-18 10:45:00', 63),
(1185, 'New message in group Feline Behavior & Training.', '2024-11-18 10:45:00', 81),
(1186, 'New message in group Feline Behavior & Training.', '2024-11-18 10:45:00', 59),
(1187, 'New message in group Feline Behavior & Training.', '2024-11-18 11:00:40', 85),
(1188, 'New message in group Feline Behavior & Training.', '2024-11-18 11:00:40', 78),
(1189, 'New message in group Feline Behavior & Training.', '2024-11-18 11:00:40', 74),
(1190, 'New message in group Feline Behavior & Training.', '2024-11-18 11:00:40', 67),
(1191, 'New message in group Feline Behavior & Training.', '2024-11-18 11:00:40', 63),
(1192, 'New message in group Feline Behavior & Training.', '2024-11-18 11:00:40', 81),
(1193, 'New message in group Feline Behavior & Training.', '2024-11-18 11:00:40', 59),
(1194, 'New message in group Feline Behavior & Training.', '2024-11-18 11:15:50', 85),
(1195, 'New message in group Feline Behavior & Training.', '2024-11-18 11:15:50', 78),
(1196, 'New message in group Feline Behavior & Training.', '2024-11-18 11:15:50', 74),
(1197, 'New message in group Feline Behavior & Training.', '2024-11-18 11:15:50', 67),
(1198, 'New message in group Feline Behavior & Training.', '2024-11-18 11:15:50', 63),
(1199, 'New message in group Feline Behavior & Training.', '2024-11-18 11:15:50', 81),
(1200, 'New message in group Feline Behavior & Training.', '2024-11-18 11:15:50', 59),
(1201, 'New message in group Pet Memorials.', '2024-11-19 09:20:30', 71),
(1202, 'New message in group Pet Memorials.', '2024-11-19 09:20:30', 86),
(1203, 'New message in group Pet Memorials.', '2024-11-19 09:20:30', 89),
(1204, 'New message in group Pet Memorials.', '2024-11-19 09:20:30', 94),
(1205, 'New message in group Pet Memorials.', '2024-11-19 09:20:30', 97),
(1206, 'New message in group Pet Memorials.', '2024-11-19 09:20:30', 72),
(1207, 'New message in group Pet Memorials.', '2024-11-19 09:35:15', 71),
(1208, 'New message in group Pet Memorials.', '2024-11-19 09:35:15', 86),
(1209, 'New message in group Pet Memorials.', '2024-11-19 09:35:15', 89),
(1210, 'New message in group Pet Memorials.', '2024-11-19 09:35:15', 94),
(1211, 'New message in group Pet Memorials.', '2024-11-19 09:35:15', 97),
(1212, 'New message in group Pet Memorials.', '2024-11-19 09:35:15', 72),
(1213, 'New message in group Pet Memorials.', '2024-11-19 09:50:55', 71),
(1214, 'New message in group Pet Memorials.', '2024-11-19 09:50:55', 86),
(1215, 'New message in group Pet Memorials.', '2024-11-19 09:50:55', 89),
(1216, 'New message in group Pet Memorials.', '2024-11-19 09:50:55', 94),
(1217, 'New message in group Pet Memorials.', '2024-11-19 09:50:55', 97),
(1218, 'New message in group Pet Memorials.', '2024-11-19 09:50:55', 72),
(1219, 'New message in group Pet Memorials.', '2024-11-19 10:05:10', 71),
(1220, 'New message in group Pet Memorials.', '2024-11-19 10:05:10', 86),
(1221, 'New message in group Pet Memorials.', '2024-11-19 10:05:10', 89),
(1222, 'New message in group Pet Memorials.', '2024-11-19 10:05:10', 94),
(1223, 'New message in group Pet Memorials.', '2024-11-19 10:05:10', 97),
(1224, 'New message in group Pet Memorials.', '2024-11-19 10:05:10', 72),
(1225, 'New message in group Pet Costume Ideas.', '2024-11-20 08:20:15', 89),
(1226, 'New message in group Pet Costume Ideas.', '2024-11-20 08:20:15', 73),
(1227, 'New message in group Pet Costume Ideas.', '2024-11-20 08:20:15', 95),
(1228, 'New message in group Pet Costume Ideas.', '2024-11-20 08:20:15', 72),
(1229, 'New message in group Pet Costume Ideas.', '2024-11-20 08:20:15', 82),
(1230, 'New message in group Pet Costume Ideas.', '2024-11-20 08:20:15', 61),
(1231, 'New message in group Pet Costume Ideas.', '2024-11-20 08:45:20', 89),
(1232, 'New message in group Pet Costume Ideas.', '2024-11-20 08:45:20', 73),
(1233, 'New message in group Pet Costume Ideas.', '2024-11-20 08:45:20', 95),
(1234, 'New message in group Pet Costume Ideas.', '2024-11-20 08:45:20', 72),
(1235, 'New message in group Pet Costume Ideas.', '2024-11-20 08:45:20', 82),
(1236, 'New message in group Pet Costume Ideas.', '2024-11-20 08:45:20', 61),
(1237, 'New message in group Pet Costume Ideas.', '2024-11-20 09:05:45', 89),
(1238, 'New message in group Pet Costume Ideas.', '2024-11-20 09:05:45', 73),
(1239, 'New message in group Pet Costume Ideas.', '2024-11-20 09:05:45', 95),
(1240, 'New message in group Pet Costume Ideas.', '2024-11-20 09:05:45', 72),
(1241, 'New message in group Pet Costume Ideas.', '2024-11-20 09:05:45', 82),
(1242, 'New message in group Pet Costume Ideas.', '2024-11-20 09:05:45', 61),
(1243, 'New message in group Pet Costume Ideas.', '2024-11-20 09:20:10', 89),
(1244, 'New message in group Pet Costume Ideas.', '2024-11-20 09:20:10', 73),
(1245, 'New message in group Pet Costume Ideas.', '2024-11-20 09:20:10', 95),
(1246, 'New message in group Pet Costume Ideas.', '2024-11-20 09:20:10', 72),
(1247, 'New message in group Pet Costume Ideas.', '2024-11-20 09:20:10', 82),
(1248, 'New message in group Pet Costume Ideas.', '2024-11-20 09:20:10', 61),
(1249, 'New message in group Pet Costume Ideas.', '2024-11-20 09:35:30', 89),
(1250, 'New message in group Pet Costume Ideas.', '2024-11-20 09:35:30', 73),
(1251, 'New message in group Pet Costume Ideas.', '2024-11-20 09:35:30', 72),
(1252, 'New message in group Pet Costume Ideas.', '2024-11-20 09:35:30', 82),
(1253, 'New message in group Pet Costume Ideas.', '2024-11-20 09:35:30', 61),
(1254, 'New message in group Puppy Playdates.', '2024-11-21 10:20:05', 72),
(1255, 'New message in group Puppy Playdates.', '2024-11-21 10:20:05', 86),
(1256, 'New message in group Puppy Playdates.', '2024-11-21 10:20:05', 75),
(1257, 'New message in group Puppy Playdates.', '2024-11-21 10:20:05', 88),
(1258, 'New message in group Puppy Playdates.', '2024-11-21 10:20:05', 99),
(1259, 'New message in group Puppy Playdates.', '2024-11-21 10:20:05', 83),
(1260, 'New message in group Puppy Playdates.', '2024-11-21 10:35:30', 72),
(1261, 'New message in group Puppy Playdates.', '2024-11-21 10:35:30', 86),
(1262, 'New message in group Puppy Playdates.', '2024-11-21 10:35:30', 75),
(1263, 'New message in group Puppy Playdates.', '2024-11-21 10:35:30', 88),
(1264, 'New message in group Puppy Playdates.', '2024-11-21 10:35:30', 99),
(1265, 'New message in group Puppy Playdates.', '2024-11-21 10:35:30', 83),
(1266, 'New message in group Puppy Playdates.', '2024-11-21 10:50:45', 72),
(1267, 'New message in group Puppy Playdates.', '2024-11-21 10:50:45', 86),
(1268, 'New message in group Puppy Playdates.', '2024-11-21 10:50:45', 75),
(1269, 'New message in group Puppy Playdates.', '2024-11-21 10:50:45', 88),
(1270, 'New message in group Puppy Playdates.', '2024-11-21 10:50:45', 99),
(1271, 'New message in group Puppy Playdates.', '2024-11-21 10:50:45', 83),
(1272, 'New message in group Puppy Playdates.', '2024-11-21 11:10:10', 72),
(1273, 'New message in group Puppy Playdates.', '2024-11-21 11:10:10', 86),
(1274, 'New message in group Puppy Playdates.', '2024-11-21 11:10:10', 75),
(1275, 'New message in group Puppy Playdates.', '2024-11-21 11:10:10', 88),
(1276, 'New message in group Puppy Playdates.', '2024-11-21 11:10:10', 99),
(1277, 'New message in group Puppy Playdates.', '2024-11-21 11:10:10', 83),
(1278, 'New message in group Adopt Dont Shop.', '2024-11-22 08:15:25', 92),
(1279, 'New message in group Adopt Dont Shop.', '2024-11-22 08:15:25', 84),
(1280, 'New message in group Adopt Dont Shop.', '2024-11-22 08:15:25', 91),
(1281, 'New message in group Adopt Dont Shop.', '2024-11-22 08:15:25', 58),
(1282, 'New message in group Adopt Dont Shop.', '2024-11-22 08:15:25', 79),
(1283, 'New message in group Adopt Dont Shop.', '2024-11-22 08:15:25', 98),
(1284, 'New message in group Adopt Dont Shop.', '2024-11-22 08:30:10', 92),
(1285, 'New message in group Adopt Dont Shop.', '2024-11-22 08:30:10', 84),
(1286, 'New message in group Adopt Dont Shop.', '2024-11-22 08:30:10', 91),
(1287, 'New message in group Adopt Dont Shop.', '2024-11-22 08:30:10', 58),
(1288, 'New message in group Adopt Dont Shop.', '2024-11-22 08:30:10', 79),
(1289, 'New message in group Adopt Dont Shop.', '2024-11-22 08:30:10', 98),
(1290, 'New message in group Adopt Dont Shop.', '2024-11-22 08:30:10', 74),
(1291, 'New message in group Adopt Dont Shop.', '2024-11-22 08:45:40', 92),
(1292, 'New message in group Adopt Dont Shop.', '2024-11-22 08:45:40', 84),
(1293, 'New message in group Adopt Dont Shop.', '2024-11-22 08:45:40', 91),
(1294, 'New message in group Adopt Dont Shop.', '2024-11-22 08:45:40', 58),
(1295, 'New message in group Adopt Dont Shop.', '2024-11-22 08:45:40', 79),
(1296, 'New message in group Adopt Dont Shop.', '2024-11-22 08:45:40', 98),
(1297, 'New message in group Adopt Dont Shop.', '2024-11-22 08:45:40', 74),
(1298, 'New message in group Adopt Dont Shop.', '2024-11-22 09:00:05', 92),
(1299, 'New message in group Adopt Dont Shop.', '2024-11-22 09:00:05', 84),
(1300, 'New message in group Adopt Dont Shop.', '2024-11-22 09:00:05', 91),
(1301, 'New message in group Adopt Dont Shop.', '2024-11-22 09:00:05', 58),
(1302, 'New message in group Adopt Dont Shop.', '2024-11-22 09:00:05', 79),
(1303, 'New message in group Adopt Dont Shop.', '2024-11-22 09:00:05', 98),
(1304, 'New message in group Outdoor Adventures with Pets.', '2024-11-23 09:10:15', 88),
(1305, 'New message in group Outdoor Adventures with Pets.', '2024-11-23 09:10:15', 83),
(1306, 'New message in group Outdoor Adventures with Pets.', '2024-11-23 09:10:15', 72),
(1307, 'New message in group Outdoor Adventures with Pets.', '2024-11-23 09:10:15', 91),
(1308, 'New message in group Outdoor Adventures with Pets.', '2024-11-23 09:10:15', 64),
(1309, 'New message in group Outdoor Adventures with Pets.', '2024-11-23 09:10:15', 61),
(1310, 'New message in group Outdoor Adventures with Pets.', '2024-11-23 09:10:15', 99),
(1311, 'New message in group Outdoor Adventures with Pets.', '2024-11-23 09:25:30', 88),
(1312, 'New message in group Outdoor Adventures with Pets.', '2024-11-23 09:25:30', 83),
(1313, 'New message in group Outdoor Adventures with Pets.', '2024-11-23 09:25:30', 72),
(1314, 'New message in group Outdoor Adventures with Pets.', '2024-11-23 09:25:30', 91),
(1315, 'New message in group Outdoor Adventures with Pets.', '2024-11-23 09:25:30', 64),
(1316, 'New message in group Outdoor Adventures with Pets.', '2024-11-23 09:25:30', 61),
(1317, 'New message in group Outdoor Adventures with Pets.', '2024-11-23 09:25:30', 99),
(1318, 'New message in group Outdoor Adventures with Pets.', '2024-11-23 09:40:25', 88),
(1319, 'New message in group Outdoor Adventures with Pets.', '2024-11-23 09:40:25', 83),
(1320, 'New message in group Outdoor Adventures with Pets.', '2024-11-23 09:40:25', 72),
(1321, 'New message in group Outdoor Adventures with Pets.', '2024-11-23 09:40:25', 91),
(1322, 'New message in group Outdoor Adventures with Pets.', '2024-11-23 09:40:25', 64),
(1323, 'New message in group Outdoor Adventures with Pets.', '2024-11-23 09:40:25', 61),
(1324, 'New message in group Outdoor Adventures with Pets.', '2024-11-23 09:40:25', 99),
(1325, 'New message in group Outdoor Adventures with Pets.', '2024-11-23 09:55:50', 88),
(1326, 'New message in group Outdoor Adventures with Pets.', '2024-11-23 09:55:50', 83),
(1327, 'New message in group Outdoor Adventures with Pets.', '2024-11-23 09:55:50', 72),
(1328, 'New message in group Outdoor Adventures with Pets.', '2024-11-23 09:55:50', 91),
(1329, 'New message in group Outdoor Adventures with Pets.', '2024-11-23 09:55:50', 64),
(1330, 'New message in group Outdoor Adventures with Pets.', '2024-11-23 09:55:50', 61),
(1331, 'New message in group Outdoor Adventures with Pets.', '2024-11-23 09:55:50', 99),
(1332, 'New message in group Pet-Friendly Cafés & Restaurants.', '2024-11-24 10:05:10', 59),
(1333, 'New message in group Pet-Friendly Cafés & Restaurants.', '2024-11-24 10:05:10', 85),
(1334, 'New message in group Pet-Friendly Cafés & Restaurants.', '2024-11-24 10:05:10', 67),
(1335, 'New message in group Pet-Friendly Cafés & Restaurants.', '2024-11-24 10:05:10', 73),
(1336, 'New message in group Pet-Friendly Cafés & Restaurants.', '2024-11-24 10:05:10', 78),
(1337, 'New message in group Pet-Friendly Cafés & Restaurants.', '2024-11-24 10:05:10', 89),
(1338, 'New message in group Pet-Friendly Cafés & Restaurants.', '2024-11-24 10:05:10', 61),
(1339, 'New message in group Pet-Friendly Cafés & Restaurants.', '2024-11-24 10:20:20', 59),
(1340, 'New message in group Pet-Friendly Cafés & Restaurants.', '2024-11-24 10:20:20', 85),
(1341, 'New message in group Pet-Friendly Cafés & Restaurants.', '2024-11-24 10:20:20', 67),
(1342, 'New message in group Pet-Friendly Cafés & Restaurants.', '2024-11-24 10:20:20', 73),
(1343, 'New message in group Pet-Friendly Cafés & Restaurants.', '2024-11-24 10:20:20', 78),
(1344, 'New message in group Pet-Friendly Cafés & Restaurants.', '2024-11-24 10:20:20', 89),
(1345, 'New message in group Pet-Friendly Cafés & Restaurants.', '2024-11-24 10:20:20', 61),
(1346, 'New message in group Pet-Friendly Cafés & Restaurants.', '2024-11-24 10:35:40', 59),
(1347, 'New message in group Pet-Friendly Cafés & Restaurants.', '2024-11-24 10:35:40', 85),
(1348, 'New message in group Pet-Friendly Cafés & Restaurants.', '2024-11-24 10:35:40', 67),
(1349, 'New message in group Pet-Friendly Cafés & Restaurants.', '2024-11-24 10:35:40', 73),
(1350, 'New message in group Pet-Friendly Cafés & Restaurants.', '2024-11-24 10:35:40', 78),
(1351, 'New message in group Pet-Friendly Cafés & Restaurants.', '2024-11-24 10:35:40', 89),
(1352, 'New message in group Pet-Friendly Cafés & Restaurants.', '2024-11-24 10:35:40', 61),
(1353, 'New message in group Pet-Friendly Cafés & Restaurants.', '2024-11-24 10:50:15', 59),
(1354, 'New message in group Pet-Friendly Cafés & Restaurants.', '2024-11-24 10:50:15', 85),
(1355, 'New message in group Pet-Friendly Cafés & Restaurants.', '2024-11-24 10:50:15', 67),
(1356, 'New message in group Pet-Friendly Cafés & Restaurants.', '2024-11-24 10:50:15', 73),
(1357, 'New message in group Pet-Friendly Cafés & Restaurants.', '2024-11-24 10:50:15', 78),
(1358, 'New message in group Pet-Friendly Cafés & Restaurants.', '2024-11-24 10:50:15', 89),
(1359, 'New message in group Pet-Friendly Cafés & Restaurants.', '2024-11-24 10:50:15', 61),
(1360, 'New message in group Pet Training Resources.', '2024-11-25 11:00:25', 66),
(1361, 'New message in group Pet Training Resources.', '2024-11-25 11:00:25', 72),
(1362, 'New message in group Pet Training Resources.', '2024-11-25 11:00:25', 89),
(1363, 'New message in group Pet Training Resources.', '2024-11-25 11:00:25', 74),
(1364, 'New message in group Pet Training Resources.', '2024-11-25 11:00:25', 81),
(1365, 'New message in group Pet Training Resources.', '2024-11-25 11:00:25', 61),
(1366, 'New message in group Pet Training Resources.', '2024-11-25 11:15:10', 66),
(1367, 'New message in group Pet Training Resources.', '2024-11-25 11:15:10', 72),
(1368, 'New message in group Pet Training Resources.', '2024-11-25 11:15:10', 89),
(1369, 'New message in group Pet Training Resources.', '2024-11-25 11:15:10', 74),
(1370, 'New message in group Pet Training Resources.', '2024-11-25 11:15:10', 81),
(1371, 'New message in group Pet Training Resources.', '2024-11-25 11:15:10', 61),
(1372, 'New message in group Pet Training Resources.', '2024-11-25 11:30:05', 66),
(1373, 'New message in group Pet Training Resources.', '2024-11-25 11:30:05', 72),
(1374, 'New message in group Pet Training Resources.', '2024-11-25 11:30:05', 89),
(1375, 'New message in group Pet Training Resources.', '2024-11-25 11:30:05', 74),
(1376, 'New message in group Pet Training Resources.', '2024-11-25 11:30:05', 61),
(1377, 'New message in group Pet Training Resources.', '2024-11-25 11:45:30', 66),
(1378, 'New message in group Pet Training Resources.', '2024-11-25 11:45:30', 72),
(1379, 'New message in group Pet Training Resources.', '2024-11-25 11:45:30', 89),
(1380, 'New message in group Pet Training Resources.', '2024-11-25 11:45:30', 74),
(1381, 'New message in group Pet Training Resources.', '2024-11-25 11:45:30', 81),
(1382, 'New message in group Pet Training Resources.', '2024-11-25 11:45:30', 61),
(1383, 'New message in group Pet Nutrition Forum.', '2024-11-26 07:45:15', 77),
(1384, 'New message in group Pet Nutrition Forum.', '2024-11-26 07:45:15', 86),
(1385, 'New message in group Pet Nutrition Forum.', '2024-11-26 07:45:15', 76),
(1386, 'New message in group Pet Nutrition Forum.', '2024-11-26 07:45:15', 93),
(1387, 'New message in group Pet Nutrition Forum.', '2024-11-26 07:45:15', 67),
(1388, 'New message in group Pet Nutrition Forum.', '2024-11-26 08:05:20', 77),
(1389, 'New message in group Pet Nutrition Forum.', '2024-11-26 08:05:20', 86),
(1390, 'New message in group Pet Nutrition Forum.', '2024-11-26 08:05:20', 76),
(1391, 'New message in group Pet Nutrition Forum.', '2024-11-26 08:05:20', 93),
(1392, 'New message in group Pet Nutrition Forum.', '2024-11-26 08:05:20', 79),
(1393, 'New message in group Pet Nutrition Forum.', '2024-11-26 08:05:20', 67),
(1394, 'New message in group Pet Nutrition Forum.', '2024-11-26 08:25:00', 77),
(1395, 'New message in group Pet Nutrition Forum.', '2024-11-26 08:25:00', 86),
(1396, 'New message in group Pet Nutrition Forum.', '2024-11-26 08:25:00', 93),
(1397, 'New message in group Pet Nutrition Forum.', '2024-11-26 08:25:00', 79),
(1398, 'New message in group Pet Nutrition Forum.', '2024-11-26 08:25:00', 67),
(1399, 'New message in group Pet Nutrition Forum.', '2024-11-26 08:40:10', 77),
(1400, 'New message in group Pet Nutrition Forum.', '2024-11-26 08:40:10', 86),
(1401, 'New message in group Pet Nutrition Forum.', '2024-11-26 08:40:10', 76),
(1402, 'New message in group Pet Nutrition Forum.', '2024-11-26 08:40:10', 93),
(1403, 'New message in group Pet Nutrition Forum.', '2024-11-26 08:40:10', 67),
(1404, 'New message in group Pet Owners with Allergies.', '2024-11-27 09:30:25', 74),
(1405, 'New message in group Pet Owners with Allergies.', '2024-11-27 09:30:25', 92),
(1406, 'New message in group Pet Owners with Allergies.', '2024-11-27 09:30:25', 84),
(1407, 'New message in group Pet Owners with Allergies.', '2024-11-27 09:30:25', 59),
(1408, 'New message in group Pet Owners with Allergies.', '2024-11-27 09:30:25', 68),
(1409, 'New message in group Pet Owners with Allergies.', '2024-11-27 09:30:25', 81),
(1410, 'New message in group Pet Owners with Allergies.', '2024-11-27 09:45:00', 74),
(1411, 'New message in group Pet Owners with Allergies.', '2024-11-27 09:45:00', 92),
(1412, 'New message in group Pet Owners with Allergies.', '2024-11-27 09:45:00', 84),
(1413, 'New message in group Pet Owners with Allergies.', '2024-11-27 09:45:00', 59),
(1414, 'New message in group Pet Owners with Allergies.', '2024-11-27 09:45:00', 68),
(1415, 'New message in group Pet Owners with Allergies.', '2024-11-27 09:45:00', 81),
(1416, 'New message in group Pet Owners with Allergies.', '2024-11-27 10:00:15', 74),
(1417, 'New message in group Pet Owners with Allergies.', '2024-11-27 10:00:15', 92),
(1418, 'New message in group Pet Owners with Allergies.', '2024-11-27 10:00:15', 84),
(1419, 'New message in group Pet Owners with Allergies.', '2024-11-27 10:00:15', 59),
(1420, 'New message in group Pet Owners with Allergies.', '2024-11-27 10:00:15', 68),
(1421, 'New message in group Pet Owners with Allergies.', '2024-11-27 10:00:15', 81),
(1422, 'New message in group Pet Owners with Allergies.', '2024-11-27 10:20:45', 74),
(1423, 'New message in group Pet Owners with Allergies.', '2024-11-27 10:20:45', 92),
(1424, 'New message in group Pet Owners with Allergies.', '2024-11-27 10:20:45', 84),
(1425, 'New message in group Pet Owners with Allergies.', '2024-11-27 10:20:45', 59),
(1426, 'New message in group Pet Owners with Allergies.', '2024-11-27 10:20:45', 68),
(1427, 'New message in group Pet Owners with Allergies.', '2024-11-27 10:20:45', 81),
(1428, 'New message in group Horse Lovers Club.', '2024-11-28 13:00:30', 86),
(1429, 'New message in group Horse Lovers Club.', '2024-11-28 13:00:30', 93),
(1430, 'New message in group Horse Lovers Club.', '2024-11-28 13:00:30', 79),
(1431, 'New message in group Horse Lovers Club.', '2024-11-28 13:00:30', 91),
(1432, 'New message in group Horse Lovers Club.', '2024-11-28 13:15:40', 86),
(1433, 'New message in group Horse Lovers Club.', '2024-11-28 13:15:40', 93),
(1434, 'New message in group Horse Lovers Club.', '2024-11-28 13:15:40', 79),
(1435, 'New message in group Horse Lovers Club.', '2024-11-28 13:15:40', 91),
(1436, 'New message in group Horse Lovers Club.', '2024-11-28 13:30:55', 86),
(1437, 'New message in group Horse Lovers Club.', '2024-11-28 13:30:55', 93),
(1438, 'New message in group Horse Lovers Club.', '2024-11-28 13:30:55', 79),
(1439, 'New message in group Horse Lovers Club.', '2024-11-28 13:30:55', 91),
(1440, 'New message in group Horse Lovers Club.', '2024-11-28 13:45:10', 86),
(1441, 'New message in group Horse Lovers Club.', '2024-11-28 13:45:10', 93),
(1442, 'New message in group Horse Lovers Club.', '2024-11-28 13:45:10', 79),
(1443, 'New message in group Horse Lovers Club.', '2024-11-28 13:45:10', 91),
(1444, 'New message in group Parrot Care Tips.', '2024-11-29 15:05:20', 57),
(1445, 'New message in group Parrot Care Tips.', '2024-11-29 15:05:20', 78),
(1446, 'New message in group Parrot Care Tips.', '2024-11-29 15:05:20', 74),
(1447, 'New message in group Parrot Care Tips.', '2024-11-29 15:05:20', 67),
(1448, 'New message in group Parrot Care Tips.', '2024-11-29 15:05:20', 63),
(1449, 'New message in group Parrot Care Tips.', '2024-11-29 15:05:20', 81),
(1450, 'New message in group Parrot Care Tips.', '2024-11-29 15:20:30', 57),
(1451, 'New message in group Parrot Care Tips.', '2024-11-29 15:20:30', 78),
(1452, 'New message in group Parrot Care Tips.', '2024-11-29 15:20:30', 74),
(1453, 'New message in group Parrot Care Tips.', '2024-11-29 15:20:30', 67),
(1454, 'New message in group Parrot Care Tips.', '2024-11-29 15:20:30', 63),
(1455, 'New message in group Parrot Care Tips.', '2024-11-29 15:20:30', 81),
(1456, 'New message in group Parrot Care Tips.', '2024-11-29 15:35:00', 57),
(1457, 'New message in group Parrot Care Tips.', '2024-11-29 15:35:00', 78),
(1458, 'New message in group Parrot Care Tips.', '2024-11-29 15:35:00', 74),
(1459, 'New message in group Parrot Care Tips.', '2024-11-29 15:35:00', 67),
(1460, 'New message in group Parrot Care Tips.', '2024-11-29 15:35:00', 63),
(1461, 'New message in group Parrot Care Tips.', '2024-11-29 15:35:00', 81),
(1462, 'New message in group Parrot Care Tips.', '2024-11-29 15:50:10', 57),
(1463, 'New message in group Parrot Care Tips.', '2024-11-29 15:50:10', 78),
(1464, 'New message in group Parrot Care Tips.', '2024-11-29 15:50:10', 74),
(1465, 'New message in group Parrot Care Tips.', '2024-11-29 15:50:10', 67),
(1466, 'New message in group Parrot Care Tips.', '2024-11-29 15:50:10', 63),
(1467, 'New message in group Parrot Care Tips.', '2024-11-29 15:50:10', 81),
(1468, 'New message in group Animal Welfare & Rescue Efforts.', '2024-11-30 09:15:10', 58),
(1469, 'New message in group Animal Welfare & Rescue Efforts.', '2024-11-30 09:15:10', 98),
(1470, 'New message in group Animal Welfare & Rescue Efforts.', '2024-11-30 09:15:10', 91),
(1471, 'New message in group Animal Welfare & Rescue Efforts.', '2024-11-30 09:15:10', 84),
(1472, 'New message in group Animal Welfare & Rescue Efforts.', '2024-11-30 09:15:10', 99),
(1473, 'New message in group Animal Welfare & Rescue Efforts.', '2024-11-30 09:15:10', 94),
(1474, 'New message in group Animal Welfare & Rescue Efforts.', '2024-11-30 09:30:25', 58),
(1475, 'New message in group Animal Welfare & Rescue Efforts.', '2024-11-30 09:30:25', 98),
(1476, 'New message in group Animal Welfare & Rescue Efforts.', '2024-11-30 09:30:25', 92),
(1477, 'New message in group Animal Welfare & Rescue Efforts.', '2024-11-30 09:30:25', 91),
(1478, 'New message in group Animal Welfare & Rescue Efforts.', '2024-11-30 09:30:25', 84),
(1479, 'New message in group Animal Welfare & Rescue Efforts.', '2024-11-30 09:30:25', 99),
(1480, 'New message in group Animal Welfare & Rescue Efforts.', '2024-11-30 09:30:25', 94),
(1481, 'New message in group Animal Welfare & Rescue Efforts.', '2024-11-30 09:45:45', 58),
(1482, 'New message in group Animal Welfare & Rescue Efforts.', '2024-11-30 09:45:45', 98),
(1483, 'New message in group Animal Welfare & Rescue Efforts.', '2024-11-30 09:45:45', 92),
(1484, 'New message in group Animal Welfare & Rescue Efforts.', '2024-11-30 09:45:45', 91),
(1485, 'New message in group Animal Welfare & Rescue Efforts.', '2024-11-30 09:45:45', 84),
(1486, 'New message in group Animal Welfare & Rescue Efforts.', '2024-11-30 09:45:45', 99),
(1487, 'New message in group Animal Welfare & Rescue Efforts.', '2024-11-30 09:45:45', 94),
(1488, 'New message in group Animal Welfare & Rescue Efforts.', '2024-11-30 10:00:20', 58),
(1489, 'New message in group Animal Welfare & Rescue Efforts.', '2024-11-30 10:00:20', 98),
(1490, 'New message in group Animal Welfare & Rescue Efforts.', '2024-11-30 10:00:20', 91),
(1491, 'New message in group Animal Welfare & Rescue Efforts.', '2024-11-30 10:00:20', 84),
(1492, 'New message in group Animal Welfare & Rescue Efforts.', '2024-11-30 10:00:20', 99),
(1493, 'New message in group Animal Welfare & Rescue Efforts.', '2024-11-30 10:00:20', 94);

--------------------------------------------
-- R15 USER_NOTIFICATION -------------------
--------------------------------------------

INSERT INTO user_notification (notification_id, trigger_user_id, response_type, user_notification_type)
VALUES
(1, 2, NULL, 'start_following'),
(2, 1, NULL, 'start_following'),
(3, 4, NULL, 'start_following'),
(4, 3, NULL, 'start_following'),
(5, 6, NULL, 'start_following'),
(6, 5, NULL, 'start_following'),
(7, 8, NULL, 'start_following'),
(8, 7, NULL, 'start_following'),
(9, 10, NULL, 'start_following'),
(10, 9, NULL, 'start_following'),
(11, 12, NULL, 'follow_request'),
(12, 11, 'accepted', 'follow_response'),
(13, 12, NULL, 'start_following'),
(14, 11, NULL, 'start_following'),
(15, 14, NULL, 'follow_request'),
(16, 13, 'accepted', 'follow_response'),
(17, 14, NULL, 'start_following'),
(18, 13, NULL, 'start_following'),
(19, 16, NULL, 'start_following'),
(20, 15, NULL, 'start_following'),
(21, 18, NULL, 'follow_request'),
(22, 17, 'accepted', 'follow_response'),
(23, 18, NULL, 'start_following'),
(24, 17, NULL, 'start_following'),
(25, 20, NULL, 'start_following'),
(26, 19, NULL, 'start_following'),
(27, 22, NULL, 'start_following'),
(28, 21, NULL, 'start_following'),
(29, 24, NULL, 'start_following'),
(30, 23, NULL, 'follow_request'),
(31, 24, 'accepted', 'follow_response'),
(32, 23, NULL, 'start_following'),
(33, 26, NULL, 'start_following'),
(34, 25, NULL, 'start_following'),
(35, 28, NULL, 'start_following'),
(36, 27, NULL, 'start_following'),
(37, 30, NULL, 'start_following'),
(38, 29, NULL, 'start_following'),
(39, 32, NULL, 'follow_request'),
(40, 31, 'accepted', 'follow_response'),
(41, 32, NULL, 'start_following'),
(42, 31, NULL, 'start_following'),
(43, 34, NULL, 'follow_request'),
(44, 33, 'accepted', 'follow_response'),
(45, 34, NULL, 'start_following'),
(46, 33, NULL, 'start_following'),
(47, 36, NULL, 'start_following'),
(48, 35, NULL, 'start_following'),
(49, 38, NULL, 'follow_request'),
(50, 37, 'accepted', 'follow_response'),
(51, 38, NULL, 'start_following'),
(52, 37, NULL, 'start_following'),
(53, 40, NULL, 'start_following'),
(54, 39, NULL, 'start_following'),
(55, 42, NULL, 'start_following'),
(56, 41, NULL, 'follow_request'),
(57, 42, 'accepted', 'follow_response'),
(58, 41, NULL, 'start_following'),
(59, 44, NULL, 'start_following'),
(60, 43, NULL, 'start_following'),
(61, 46, NULL, 'start_following'),
(62, 45, NULL, 'follow_request'),
(63, 46, 'accepted', 'follow_response'),
(64, 45, NULL, 'start_following'),
(65, 48, NULL, 'start_following'),
(66, 47, NULL, 'start_following'),
(67, 50, NULL, 'start_following'),
(68, 49, NULL, 'start_following'),
(69, 51, NULL, 'follow_request'),
(70, 1, 'accepted', 'follow_response'),
(71, 51, NULL, 'start_following'),
(72, 52, NULL, 'start_following'),
(73, 53, NULL, 'start_following'),
(74, 54, NULL, 'start_following'),
(75, 55, NULL, 'follow_request'),
(76, 5, 'accepted', 'follow_response'),
(77, 55, NULL, 'start_following'),
(78, 56, NULL, 'start_following'),
(79, 57, NULL, 'start_following'),
(80, 58, NULL, 'start_following'),
(81, 59, NULL, 'start_following'),
(82, 60, NULL, 'start_following'),
(83, 61, NULL, 'start_following'),
(84, 62, NULL, 'follow_request'),
(85, 12, 'accepted', 'follow_response'),
(86, 62, NULL, 'start_following'),
(87, 63, NULL, 'start_following'),
(88, 64, NULL, 'follow_request'),
(89, 14, 'accepted', 'follow_response'),
(90, 64, NULL, 'start_following'),
(91, 65, NULL, 'start_following'),
(92, 66, NULL, 'start_following'),
(93, 67, NULL, 'follow_request'),
(94, 17, 'accepted', 'follow_response'),
(95, 67, NULL, 'start_following'),
(96, 68, NULL, 'start_following'),
(97, 69, NULL, 'follow_request'),
(98, 19, 'accepted', 'follow_response'),
(99, 69, NULL, 'start_following'),
(100, 70, NULL, 'start_following'),
(101, 71, NULL, 'start_following'),
(102, 72, NULL, 'start_following'),
(103, 73, NULL, 'start_following'),
(104, 74, NULL, 'follow_request'),
(105, 24, 'accepted', 'follow_response'),
(106, 74, NULL, 'start_following'),
(107, 75, NULL, 'start_following'),
(108, 76, NULL, 'start_following'),
(109, 77, NULL, 'start_following'),
(110, 78, NULL, 'follow_request'),
(111, 28, 'accepted', 'follow_response'),
(112, 78, NULL, 'start_following'),
(113, 79, NULL, 'start_following'),
(114, 80, NULL, 'start_following'),
(115, 81, NULL, 'follow_request'),
(116, 31, 'accepted', 'follow_response'),
(117, 81, NULL, 'start_following'),
(118, 82, NULL, 'start_following'),
(119, 83, NULL, 'start_following'),
(120, 84, NULL, 'start_following'),
(121, 85, NULL, 'follow_request'),
(122, 35, 'accepted', 'follow_response'),
(123, 85, NULL, 'start_following'),
(124, 86, NULL, 'start_following'),
(125, 87, NULL, 'start_following'),
(126, 88, NULL, 'start_following'),
(127, 89, NULL, 'start_following'),
(128, 90, NULL, 'start_following'),
(129, 91, NULL, 'start_following'),
(130, 91, NULL, 'start_following'),
(131, 92, NULL, 'start_following'),
(132, 92, NULL, 'start_following'),
(133, 93, NULL, 'follow_request'),
(134, 5, 'accepted', 'follow_response'),
(135, 93, NULL, 'start_following'),
(136, 93, NULL, 'follow_request'),
(137, 6, 'accepted', 'follow_response'),
(138, 93, NULL, 'start_following'),
(139, 94, NULL, 'start_following'),
(140, 94, NULL, 'start_following'),
(141, 95, NULL, 'start_following'),
(142, 95, NULL, 'start_following'),
(143, 96, NULL, 'follow_request'),
(144, 11, 'accepted', 'follow_response'),
(145, 96, NULL, 'start_following'),
(146, 96, NULL, 'follow_request'),
(147, 12, 'accepted', 'follow_response'),
(148, 96, NULL, 'start_following'),
(149, 97, NULL, 'start_following'),
(150, 97, NULL, 'start_following'),
(151, 98, NULL, 'start_following'),
(152, 98, NULL, 'start_following'),
(153, 99, NULL, 'start_following'),
(154, 99, NULL, 'start_following'),
(155, 100, NULL, 'follow_request'),
(156, 19, 'accepted', 'follow_response'),
(157, 100, NULL, 'start_following'),
(158, 100, NULL, 'follow_request'),
(159, 20, 'accepted', 'follow_response'),
(160, 100, NULL, 'start_following'),
(161, 85, NULL, 'follow_request'),
(162, 21, 'accepted', 'follow_response'),
(163, 85, NULL, 'start_following'),
(164, 85, NULL, 'follow_request'),
(165, 22, 'accepted', 'follow_response'),
(166, 85, NULL, 'start_following'),
(167, 86, NULL, 'start_following'),
(168, 86, NULL, 'start_following'),
(169, 1, NULL, 'start_following'),
(170, 2, NULL, 'start_following'),
(171, 3, NULL, 'start_following'),
(172, 4, NULL, 'start_following'),
(173, 5, NULL, 'start_following'),
(174, 6, NULL, 'start_following'),
(175, 7, NULL, 'start_following'),
(176, 8, NULL, 'start_following'),
(177, 9, NULL, 'start_following'),
(178, 10, NULL, 'start_following'),
(179, 11, NULL, 'start_following'),
(180, 12, NULL, 'follow_request'),
(181, 61, 'accepted', 'follow_response'),
(182, 12, NULL, 'start_following'),
(183, 13, NULL, 'start_following'),
(184, 14, NULL, 'follow_request'),
(185, 63, 'accepted', 'follow_response'),
(186, 14, NULL, 'start_following'),
(187, 15, NULL, 'start_following'),
(188, 16, NULL, 'start_following'),
(189, 17, NULL, 'start_following'),
(190, 18, NULL, 'follow_request'),
(191, 67, 'accepted', 'follow_response'),
(192, 18, NULL, 'start_following'),
(193, 19, NULL, 'start_following'),
(194, 20, NULL, 'start_following'),
(195, 21, NULL, 'start_following'),
(196, 22, NULL, 'start_following'),
(197, 23, NULL, 'follow_request'),
(198, 72, 'accepted', 'follow_response'),
(199, 23, NULL, 'start_following'),
(200, 24, NULL, 'start_following'),
(201, 25, NULL, 'start_following'),
(202, 50, NULL, 'start_following'),
(203, 51, NULL, 'follow_request'),
(204, 81, 'accepted', 'follow_response'),
(205, 51, NULL, 'start_following'),
(206, 52, NULL, 'start_following'),
(207, 53, NULL, 'start_following'),
(208, 54, NULL, 'start_following'),
(209, 55, NULL, 'follow_request'),
(210, 85, 'accepted', 'follow_response'),
(211, 55, NULL, 'start_following'),
(212, 56, NULL, 'start_following'),
(213, 57, NULL, 'start_following'),
(214, 58, NULL, 'start_following'),
(215, 59, NULL, 'start_following'),
(216, 60, NULL, 'start_following'),
(217, 61, NULL, 'start_following'),
(218, 62, NULL, 'follow_request'),
(219, 92, 'accepted', 'follow_response'),
(220, 62, NULL, 'start_following'),
(221, 63, NULL, 'start_following'),
(222, 64, NULL, 'follow_request'),
(223, 94, 'accepted', 'follow_response'),
(224, 64, NULL, 'start_following'),
(225, 65, NULL, 'start_following'),
(226, 66, NULL, 'start_following'),
(227, 67, NULL, 'follow_request'),
(228, 97, 'accepted', 'follow_response'),
(229, 67, NULL, 'start_following'),
(230, 68, NULL, 'start_following'),
(231, 69, NULL, 'follow_request'),
(232, 99, 'accepted', 'follow_response'),
(233, 69, NULL, 'start_following'),
(234, 70, NULL, 'start_following'),
(235, 80, NULL, 'start_following'),
(236, 81, NULL, 'follow_request'),
(237, 72, 'accepted', 'follow_response'),
(238, 81, NULL, 'start_following'),
(239, 82, NULL, 'start_following'),
(240, 83, NULL, 'start_following'),
(241, 84, NULL, 'start_following'),
(242, 85, NULL, 'follow_request'),
(243, 76, 'accepted', 'follow_response'),
(244, 85, NULL, 'start_following'),
(245, 86, NULL, 'start_following'),
(246, 87, NULL, 'start_following'),
(247, 88, NULL, 'start_following'),
(248, 90, NULL, 'start_following'),
(249, 92, NULL, 'start_following'),
(250, 94, NULL, 'start_following'),
(251, 96, NULL, 'follow_request'),
(252, 95, 'accepted', 'follow_response'),
(253, 96, NULL, 'start_following'),
(254, 98, NULL, 'start_following');


--------------------------------------------
-- R16 POST_NOTIFICATION -------------------
--------------------------------------------

INSERT INTO post_notification (notification_id, trigger_post_id, post_notification_type)
VALUES
-- Post Likes
(255, 1, 'post_likes'),
(256, 1, 'post_likes'),
(257, 1, 'post_likes'),
(258, 2, 'post_likes'),
(259, 2, 'post_likes'),
(260, 2, 'post_likes'),
(261, 3, 'post_likes'),
(262, 3, 'post_likes'),
(263, 3, 'post_likes'),
(264, 4, 'post_likes'),
(265, 4, 'post_likes'),
(266, 4, 'post_likes'),
(267, 5, 'post_likes'),
(268, 5, 'post_likes'),
(269, 5, 'post_likes'),
(270, 6, 'post_likes'),
(271, 6, 'post_likes'),
(272, 6, 'post_likes'),
(273, 7, 'post_likes'),
(274, 7, 'post_likes'),
(275, 7, 'post_likes'),
(276, 8, 'post_likes'),
(277, 8, 'post_likes'),
(278, 8, 'post_likes'),
(279, 9, 'post_likes'),
(280, 9, 'post_likes'),
(281, 9, 'post_likes'),
(282, 10, 'post_likes'),
(283, 10, 'post_likes'),
(284, 10, 'post_likes'),
(285, 11, 'post_likes'),
(286, 11, 'post_likes'),
(287, 11, 'post_likes'),
(288, 12, 'post_likes'),
(289, 12, 'post_likes'),
(290, 12, 'post_likes'),
(291, 13, 'post_likes'),
(292, 13, 'post_likes'),
(293, 13, 'post_likes'),
(294, 14, 'post_likes'),
(295, 14, 'post_likes'),
(296, 14, 'post_likes'),
(297, 15, 'post_likes'),
(298, 15, 'post_likes'),
(299, 15, 'post_likes'),
(300, 16, 'post_likes'),
(301, 16, 'post_likes'),
(302, 16, 'post_likes'),
(303, 17, 'post_likes'),
(304, 17, 'post_likes'),
(305, 17, 'post_likes'),
(306, 18, 'post_likes'),
(307, 18, 'post_likes'),
(308, 18, 'post_likes'),
(309, 19, 'post_likes'),
(310, 19, 'post_likes'),
(311, 19, 'post_likes'),
(312, 20, 'post_likes'),
(313, 20, 'post_likes'),
(314, 20, 'post_likes'),
(315, 21, 'post_likes'),
(316, 21, 'post_likes'),
(317, 21, 'post_likes'),
(318, 22, 'post_likes'),
(319, 22, 'post_likes'),
(320, 22, 'post_likes'),
(321, 23, 'post_likes'),
(322, 23, 'post_likes'),
(323, 23, 'post_likes'),
(324, 24, 'post_likes'),
(325, 24, 'post_likes'),
(326, 24, 'post_likes'),
(327, 25, 'post_likes'),
(328, 25, 'post_likes'),
(329, 25, 'post_likes'),
(330, 26, 'post_likes'),
(331, 26, 'post_likes'),
(332, 26, 'post_likes'),
(333, 27, 'post_likes'),
(334, 27, 'post_likes'),
(335, 27, 'post_likes'),
(336, 28, 'post_likes'),
(337, 28, 'post_likes'),
(338, 28, 'post_likes'),
(339, 29, 'post_likes'),
(340, 29, 'post_likes'),
(341, 29, 'post_likes'),
(342, 30, 'post_likes'),
(343, 30, 'post_likes'),
(344, 30, 'post_likes'),
(345, 31, 'post_likes'),
(346, 31, 'post_likes'),
(347, 31, 'post_likes'),
(348, 32, 'post_likes'),
(349, 32, 'post_likes'),
(350, 32, 'post_likes'),
(351, 33, 'post_likes'),
(352, 33, 'post_likes'),
(353, 33, 'post_likes'),
(354, 34, 'post_likes'),
(355, 34, 'post_likes'),
(356, 34, 'post_likes'),
(357, 35, 'post_likes'),
(358, 35, 'post_likes'),
(359, 35, 'post_likes'),
(360, 36, 'post_likes'),
(361, 36, 'post_likes'),
(362, 36, 'post_likes'),
(363, 37, 'post_likes'),
(364, 37, 'post_likes'),
(365, 37, 'post_likes'),
(366, 38, 'post_likes'),
(367, 38, 'post_likes'),
(368, 38, 'post_likes'),
(369, 39, 'post_likes'),
(370, 39, 'post_likes'),
(371, 39, 'post_likes'),
(372, 40, 'post_likes'),
(373, 40, 'post_likes'),
(374, 40, 'post_likes'),
(375, 41, 'post_likes'),
(376, 41, 'post_likes'),
(377, 41, 'post_likes'),
(378, 42, 'post_likes'),
(379, 42, 'post_likes'),
(380, 42, 'post_likes'),
(381, 43, 'post_likes'),
(382, 43, 'post_likes'),
(383, 43, 'post_likes'),
(384, 44, 'post_likes'),
(385, 44, 'post_likes'),
(386, 44, 'post_likes'),
(387, 45, 'post_likes'),
(388, 45, 'post_likes'),
(389, 45, 'post_likes'),
(390, 46, 'post_likes'),
(391, 46, 'post_likes'),
(392, 46, 'post_likes'),
(393, 181, 'post_likes'),
(394, 181, 'post_likes'),
(395, 181, 'post_likes'),
-- Post Comments
(396, 1, 'post_comments'),
(397, 1, 'post_comments'),
(398, 2, 'post_comments'),
(399, 2, 'post_comments'),
(400, 2, 'post_comments'),
(401, 5, 'post_comments'),
(402, 5, 'post_comments'),
(403, 9, 'post_comments'),
(404, 9, 'post_comments'),
(405, 12, 'post_comments'),
(406, 12, 'post_comments'),
(407, 15, 'post_comments'),
(408, 20, 'post_comments'),
(409, 20, 'post_comments'),
(410, 25, 'post_comments'),
(411, 25, 'post_comments'),
(412, 30, 'post_comments'),
(413, 35, 'post_comments'),
(414, 35, 'post_comments'),
(415, 40, 'post_comments'),
(416, 40, 'post_comments'),
(417, 45, 'post_comments'),
(418, 45, 'post_comments'),
(419, 50, 'post_comments'),
(420, 50, 'post_comments'),
(421, 51, 'post_comments'),
(422, 51, 'post_comments'),
(423, 55, 'post_comments'),
(424, 60, 'post_comments'),
(425, 60, 'post_comments'),
(426, 70, 'post_comments'),
(427, 70, 'post_comments'),
(428, 80, 'post_comments'),
(429, 80, 'post_comments'),
(430, 95, 'post_comments'),
(431, 100, 'post_comments'),
(432, 100, 'post_comments'),
(433, 120, 'post_comments'),
(434, 120, 'post_comments'),
(435, 130, 'post_comments'),
(436, 150, 'post_comments'),
(437, 150, 'post_comments'),
(438, 160, 'post_comments'),
(439, 170, 'post_comments'),
(440, 181, 'post_comments'),
(441, 181, 'post_comments'),
-- Post Tags
(442, 1, 'post_tags'),
(443, 1, 'post_tags'),
(444, 2, 'post_tags'),
(445, 3, 'post_tags'),
(446, 3, 'post_tags'),
(447, 5, 'post_tags'),
(448, 6, 'post_tags'),
(449, 7, 'post_tags'),
(450, 7, 'post_tags'),
(451, 9, 'post_tags'),
(452, 9, 'post_tags'),
(453, 10, 'post_tags'),
(454, 10, 'post_tags'),
(455, 12, 'post_tags'),
(456, 15, 'post_tags'),
(457, 15, 'post_tags'),
(458, 17, 'post_tags'),
(459, 18, 'post_tags'),
(460, 18, 'post_tags'),
(461, 20, 'post_tags'),
(462, 21, 'post_tags'),
(463, 23, 'post_tags'),
(464, 25, 'post_tags'),
(465, 27, 'post_tags'),
(466, 28, 'post_tags'),
(467, 28, 'post_tags'),
(468, 29, 'post_tags'),
(469, 30, 'post_tags'),
(470, 32, 'post_tags'),
(471, 33, 'post_tags'),
(472, 35, 'post_tags'),
(473, 37, 'post_tags'),
(474, 39, 'post_tags'),
(475, 41, 'post_tags'),
(476, 42, 'post_tags'),
(477, 44, 'post_tags'),
(478, 46, 'post_tags'),
(479, 50, 'post_tags'),
(480, 51, 'post_tags'),
(481, 55, 'post_tags'),
(482, 57, 'post_tags'),
(483, 57, 'post_tags'),
(484, 60, 'post_tags'),
(485, 65, 'post_tags'),
(486, 67, 'post_tags'),
(487, 70, 'post_tags'),
(488, 73, 'post_tags'),
(489, 75, 'post_tags'),
(490, 77, 'post_tags'),
(491, 80, 'post_tags'),
(492, 85, 'post_tags'),
(493, 90, 'post_tags'),
(494, 95, 'post_tags'),
(495, 98, 'post_tags'),
(496, 100, 'post_tags');


--------------------------------------------
-- R17 COMMENT_NOTIFICATION ----------------
--------------------------------------------

INSERT INTO comment_notification (notification_id, trigger_comment_id, comment_notification_type)
VALUES
-- Comment Answers
(497, 2, 'comment_answer'),
(498, 4, 'comment_answer'),
(499, 5, 'comment_answer'),
(500, 7, 'comment_answer'),
(501, 9, 'comment_answer'),
(502, 11, 'comment_answer'),
(503, 14, 'comment_answer'),
(504, 16, 'comment_answer'),
(505, 19, 'comment_answer'),
(506, 21, 'comment_answer'),
(507, 23, 'comment_answer'),
(508, 25, 'comment_answer'),
(509, 27, 'comment_answer'),
(510, 30, 'comment_answer'),
(511, 32, 'comment_answer'),
(512, 34, 'comment_answer'),
(513, 37, 'comment_answer'),
(514, 39, 'comment_answer'),
(515, 42, 'comment_answer'),
(516, 46, 'comment_answer'),
-- Comment Likes
(517, 26, 'comment_likes'),
(518, 26, 'comment_likes'),
(519, 27, 'comment_likes'),
(520, 28, 'comment_likes'),
(521, 28, 'comment_likes'),
(522, 29, 'comment_likes'),
(523, 29, 'comment_likes'),
(524, 30, 'comment_likes'),
(525, 31, 'comment_likes'),
(526, 32, 'comment_likes'),
(527, 32, 'comment_likes'),
(528, 33, 'comment_likes'),
(529, 34, 'comment_likes'),
(530, 34, 'comment_likes'),
(531, 35, 'comment_likes'),
(532, 35, 'comment_likes'),
(533, 36, 'comment_likes'),
(534, 36, 'comment_likes'),
(535, 37, 'comment_likes'),
(536, 38, 'comment_likes'),
(537, 39, 'comment_likes'),
(538, 40, 'comment_likes'),
(539, 41, 'comment_likes'),
(540, 42, 'comment_likes'),
(541, 42, 'comment_likes'),
(542, 43, 'comment_likes'),
(543, 44, 'comment_likes'),
(544, 45, 'comment_likes'),
(545, 46, 'comment_likes'),
(546, 46, 'comment_likes'),
-- Comment Tags
(547, 26, 'comment_tags'),
(548, 27, 'comment_tags'),
(549, 28, 'comment_tags'),
(550, 29, 'comment_tags'),
(551, 30, 'comment_tags'),
(552, 31, 'comment_tags'),
(553, 32, 'comment_tags'),
(554, 33, 'comment_tags'),
(555, 34, 'comment_tags'),
(556, 35, 'comment_tags'),
(557, 36, 'comment_tags'),
(558, 37, 'comment_tags'),
(559, 38, 'comment_tags'),
(560, 39, 'comment_tags'),
(561, 40, 'comment_tags'),
(562, 41, 'comment_tags'),
(563, 42, 'comment_tags'),
(564, 43, 'comment_tags'),
(565, 44, 'comment_tags'),
(566, 45, 'comment_tags'),
(567, 46, 'comment_tags');

--------------------------------------------
-- R18 GROUP_OWNER_NOTIFICATION ------------
--------------------------------------------

INSERT INTO group_owner_notification (notification_id, trigger_group_id, group_owner_notification_type)
VALUES
-- Join Requests
(568, 4, 'join_request'),
(570, 4, 'join_request'),
(572, 4, 'join_request'),
(574, 4, 'join_request'),
(576, 4, 'join_request'),
(578, 5, 'join_request'),
(580, 5, 'join_request'),
(582, 5, 'join_request'),
(584, 5, 'join_request'),
(586, 5, 'join_request'),
(588, 5, 'join_request'),
(590, 5, 'join_request'),
(592, 5, 'join_request'),
(594, 5, 'join_request'),
(596, 8, 'join_request'),
(598, 8, 'join_request'),
(600, 8, 'join_request'),
(602, 8, 'join_request'),
(604, 8, 'join_request'),
(606, 8, 'join_request'),
(608, 12, 'join_request'),
(610, 12, 'join_request'),
(612, 12, 'join_request'),
(614, 12, 'join_request'),
(616, 15, 'join_request'),
(618, 15, 'join_request'),
(620, 15, 'join_request'),
(622, 15, 'join_request'),
(624, 15, 'join_request'),
(626, 15, 'join_request'),
(628, 15, 'join_request'),
(630, 21, 'join_request'),
(632, 21, 'join_request'),
(634, 21, 'join_request'),
(636, 21, 'join_request'),
(638, 21, 'join_request'),
(640, 21, 'join_request'),
(642, 26, 'join_request'),
(644, 26, 'join_request'),
(646, 26, 'join_request'),
(648, 26, 'join_request'),
(650, 26, 'join_request'),
(652, 26, 'join_request'),
(654, 28, 'join_request'),
(656, 28, 'join_request'),
(658, 28, 'join_request'),
(660, 28, 'join_request');


--------------------------------------------
-- R19 GROUP_MEMBER_NOTIFICATION -----------
--------------------------------------------

INSERT INTO group_member_notification (notification_id, trigger_group_id, response_type, group_member_notification_type)
VALUES
-- Join Response
(569, 4, 'accepted', 'join_response'),
(571, 4, 'accepted', 'join_response'),
(573, 4, 'accepted', 'join_response'),
(575, 4, 'accepted', 'join_response'),
(577, 4, 'accepted', 'join_response'),
(579, 5, 'accepted', 'join_response'),
(581, 5, 'accepted', 'join_response'),
(583, 5, 'accepted', 'join_response'),
(585, 5, 'accepted', 'join_response'),
(587, 5, 'accepted', 'join_response'),
(589, 5, 'accepted', 'join_response'),
(591, 5, 'accepted', 'join_response'),
(593, 5, 'accepted', 'join_response'),
(595, 5, 'accepted', 'join_response'),
(597, 8, 'accepted', 'join_response'),
(599, 8, 'accepted', 'join_response'),
(601, 8, 'accepted', 'join_response'),
(603, 8, 'accepted', 'join_response'),
(605, 8, 'accepted', 'join_response'),
(607, 8, 'accepted', 'join_response'),
(609, 12, 'accepted', 'join_response'),
(611, 12, 'accepted', 'join_response'),
(613, 12, 'accepted', 'join_response'),
(615, 12, 'accepted', 'join_response'),
(617, 15, 'accepted', 'join_response'),
(619, 15, 'accepted', 'join_response'),
(621, 15, 'accepted', 'join_response'),
(623, 15, 'accepted', 'join_response'),
(625, 15, 'accepted', 'join_response'),
(627, 15, 'accepted', 'join_response'),
(629, 15, 'accepted', 'join_response'),
(631, 21, 'accepted', 'join_response'),
(633, 21, 'accepted', 'join_response'),
(635, 21, 'accepted', 'join_response'),
(637, 21, 'accepted', 'join_response'),
(639, 21, 'accepted', 'join_response'),
(641, 21, 'accepted', 'join_response'),
(643, 26, 'accepted', 'join_response'),
(645, 26, 'accepted', 'join_response'),
(647, 26, 'accepted', 'join_response'),
(649, 26, 'accepted', 'join_response'),
(651, 26, 'accepted', 'join_response'),
(653, 26, 'accepted', 'join_response'),
(655, 28, 'accepted', 'join_response'),
(657, 28, 'accepted', 'join_response'),
(659, 28, 'accepted', 'join_response'),
(661, 28, 'accepted', 'join_response'),
-- New Message
(662, 1, NULL, 'new_message'),
(663, 1, NULL, 'new_message'),
(664, 1, NULL, 'new_message'),
(665, 1, NULL, 'new_message'),
(666, 1, NULL, 'new_message'),
(667, 1, NULL, 'new_message'),
(668, 1, NULL, 'new_message'),
(669, 1, NULL, 'new_message'),
(670, 1, NULL, 'new_message'),
(671, 1, NULL, 'new_message'),
(672, 1, NULL, 'new_message'),
(673, 1, NULL, 'new_message'),
(674, 1, NULL, 'new_message'),
(675, 1, NULL, 'new_message'),
(676, 1, NULL, 'new_message'),
(677, 1, NULL, 'new_message'),
(678, 1, NULL, 'new_message'),
(679, 1, NULL, 'new_message'),
(680, 1, NULL, 'new_message'),
(681, 1, NULL, 'new_message'),
(682, 1, NULL, 'new_message'),
(683, 1, NULL, 'new_message'),
(684, 1, NULL, 'new_message'),
(685, 1, NULL, 'new_message'),
(686, 1, NULL, 'new_message'),
(687, 1, NULL, 'new_message'),
(688, 1, NULL, 'new_message'),
(689, 1, NULL, 'new_message'),
(690, 1, NULL, 'new_message'),
(691, 1, NULL, 'new_message'),
(692, 1, NULL, 'new_message'),
(693, 1, NULL, 'new_message'),
(694, 1, NULL, 'new_message'),
(695, 1, NULL, 'new_message'),
(696, 1, NULL, 'new_message'),
(697, 1, NULL, 'new_message'),
(698, 1, NULL, 'new_message'),
(699, 1, NULL, 'new_message'),
(700, 1, NULL, 'new_message'),
(701, 1, NULL, 'new_message'),
(702, 2, NULL, 'new_message'),
(703, 2, NULL, 'new_message'),
(704, 2, NULL, 'new_message'),
(705, 2, NULL, 'new_message'),
(706, 2, NULL, 'new_message'),
(707, 2, NULL, 'new_message'),
(708, 2, NULL, 'new_message'),
(709, 2, NULL, 'new_message'),
(710, 2, NULL, 'new_message'),
(711, 2, NULL, 'new_message'),
(712, 2, NULL, 'new_message'),
(713, 2, NULL, 'new_message'),
(714, 2, NULL, 'new_message'),
(715, 2, NULL, 'new_message'),
(716, 2, NULL, 'new_message'),
(717, 2, NULL, 'new_message'),
(718, 2, NULL, 'new_message'),
(719, 2, NULL, 'new_message'),
(720, 2, NULL, 'new_message'),
(721, 2, NULL, 'new_message'),
(722, 2, NULL, 'new_message'),
(723, 2, NULL, 'new_message'),
(724, 2, NULL, 'new_message'),
(725, 2, NULL, 'new_message'),
(726, 2, NULL, 'new_message'),
(727, 2, NULL, 'new_message'),
(728, 2, NULL, 'new_message'),
(729, 2, NULL, 'new_message'),
(730, 2, NULL, 'new_message'),
(731, 2, NULL, 'new_message'),
(732, 2, NULL, 'new_message'),
(733, 2, NULL, 'new_message'),
(734, 2, NULL, 'new_message'),
(735, 2, NULL, 'new_message'),
(736, 2, NULL, 'new_message'),
(737, 2, NULL, 'new_message'),
(738, 2, NULL, 'new_message'),
(739, 2, NULL, 'new_message'),
(740, 2, NULL, 'new_message'),
(741, 2, NULL, 'new_message'),
(742, 3, NULL, 'new_message'),
(743, 3, NULL, 'new_message'),
(744, 3, NULL, 'new_message'),
(745, 3, NULL, 'new_message'),
(746, 3, NULL, 'new_message'),
(747, 3, NULL, 'new_message'),
(748, 3, NULL, 'new_message'),
(749, 3, NULL, 'new_message'),
(750, 3, NULL, 'new_message'),
(751, 3, NULL, 'new_message'),
(752, 3, NULL, 'new_message'),
(753, 3, NULL, 'new_message'),
(754, 3, NULL, 'new_message'),
(755, 3, NULL, 'new_message'),
(756, 3, NULL, 'new_message'),
(757, 3, NULL, 'new_message'),
(758, 3, NULL, 'new_message'),
(759, 3, NULL, 'new_message'),
(760, 3, NULL, 'new_message'),
(761, 3, NULL, 'new_message'),
(762, 3, NULL, 'new_message'),
(763, 3, NULL, 'new_message'),
(764, 3, NULL, 'new_message'),
(765, 3, NULL, 'new_message'),
(766, 3, NULL, 'new_message'),
(767, 4, NULL, 'new_message'),
(768, 4, NULL, 'new_message'),
(769, 4, NULL, 'new_message'),
(770, 4, NULL, 'new_message'),
(771, 4, NULL, 'new_message'),
(772, 4, NULL, 'new_message'),
(773, 4, NULL, 'new_message'),
(774, 4, NULL, 'new_message'),
(775, 4, NULL, 'new_message'),
(776, 4, NULL, 'new_message'),
(777, 4, NULL, 'new_message'),
(778, 4, NULL, 'new_message'),
(779, 4, NULL, 'new_message'),
(780, 4, NULL, 'new_message'),
(781, 4, NULL, 'new_message'),
(782, 4, NULL, 'new_message'),
(783, 4, NULL, 'new_message'),
(784, 4, NULL, 'new_message'),
(785, 4, NULL, 'new_message'),
(786, 4, NULL, 'new_message'),
(787, 5, NULL, 'new_message'),
(788, 5, NULL, 'new_message'),
(789, 5, NULL, 'new_message'),
(790, 5, NULL, 'new_message'),
(791, 5, NULL, 'new_message'),
(792, 5, NULL, 'new_message'),
(793, 5, NULL, 'new_message'),
(794, 5, NULL, 'new_message'),
(795, 5, NULL, 'new_message'),
(796, 5, NULL, 'new_message'),
(797, 5, NULL, 'new_message'),
(798, 5, NULL, 'new_message'),
(799, 5, NULL, 'new_message'),
(800, 5, NULL, 'new_message'),
(801, 5, NULL, 'new_message'),
(802, 5, NULL, 'new_message'),
(803, 5, NULL, 'new_message'),
(804, 5, NULL, 'new_message'),
(805, 5, NULL, 'new_message'),
(806, 5, NULL, 'new_message'),
(807, 5, NULL, 'new_message'),
(808, 5, NULL, 'new_message'),
(809, 5, NULL, 'new_message'),
(810, 5, NULL, 'new_message'),
(811, 5, NULL, 'new_message'),
(812, 5, NULL, 'new_message'),
(813, 5, NULL, 'new_message'),
(814, 5, NULL, 'new_message'),
(815, 5, NULL, 'new_message'),
(816, 5, NULL, 'new_message'),
(817, 5, NULL, 'new_message'),
(818, 5, NULL, 'new_message'),
(819, 5, NULL, 'new_message'),
(820, 5, NULL, 'new_message'),
(821, 5, NULL, 'new_message'),
(822, 5, NULL, 'new_message'),
(823, 5, NULL, 'new_message'),
(824, 5, NULL, 'new_message'),
(825, 5, NULL, 'new_message'),
(826, 5, NULL, 'new_message'),
(827, 5, NULL, 'new_message'),
(828, 6, NULL, 'new_message'),
(829, 6, NULL, 'new_message'),
(830, 6, NULL, 'new_message'),
(831, 6, NULL, 'new_message'),
(832, 6, NULL, 'new_message'),
(833, 6, NULL, 'new_message'),
(834, 6, NULL, 'new_message'),
(835, 6, NULL, 'new_message'),
(836, 6, NULL, 'new_message'),
(837, 6, NULL, 'new_message'),
(838, 6, NULL, 'new_message'),
(839, 6, NULL, 'new_message'),
(840, 6, NULL, 'new_message'),
(841, 6, NULL, 'new_message'),
(842, 6, NULL, 'new_message'),
(843, 6, NULL, 'new_message'),
(844, 6, NULL, 'new_message'),
(845, 6, NULL, 'new_message'),
(846, 6, NULL, 'new_message'),
(847, 6, NULL, 'new_message'),
(848, 6, NULL, 'new_message'),
(849, 6, NULL, 'new_message'),
(850, 6, NULL, 'new_message'),
(851, 6, NULL, 'new_message'),
(852, 6, NULL, 'new_message'),
(853, 6, NULL, 'new_message'),
(854, 6, NULL, 'new_message'),
(855, 6, NULL, 'new_message'),
(856, 6, NULL, 'new_message'),
(857, 6, NULL, 'new_message'),
(858, 6, NULL, 'new_message'),
(859, 6, NULL, 'new_message'),
(860, 6, NULL, 'new_message'),
(861, 6, NULL, 'new_message'),
(862, 6, NULL, 'new_message'),
(863, 6, NULL, 'new_message'),
(864, 6, NULL, 'new_message'),
(865, 6, NULL, 'new_message'),
(866, 6, NULL, 'new_message'),
(867, 6, NULL, 'new_message'),
(868, 7, NULL, 'new_message'),
(869, 7, NULL, 'new_message'),
(870, 7, NULL, 'new_message'),
(871, 7, NULL, 'new_message'),
(872, 7, NULL, 'new_message'),
(873, 7, NULL, 'new_message'),
(874, 7, NULL, 'new_message'),
(875, 7, NULL, 'new_message'),
(876, 7, NULL, 'new_message'),
(877, 7, NULL, 'new_message'),
(878, 7, NULL, 'new_message'),
(879, 7, NULL, 'new_message'),
(880, 7, NULL, 'new_message'),
(881, 7, NULL, 'new_message'),
(882, 7, NULL, 'new_message'),
(883, 7, NULL, 'new_message'),
(884, 7, NULL, 'new_message'),
(885, 7, NULL, 'new_message'),
(886, 7, NULL, 'new_message'),
(887, 7, NULL, 'new_message'),
(888, 8, NULL, 'new_message'),
(889, 8, NULL, 'new_message'),
(890, 8, NULL, 'new_message'),
(891, 8, NULL, 'new_message'),
(892, 8, NULL, 'new_message'),
(893, 8, NULL, 'new_message'),
(894, 8, NULL, 'new_message'),
(895, 8, NULL, 'new_message'),
(896, 8, NULL, 'new_message'),
(897, 8, NULL, 'new_message'),
(898, 8, NULL, 'new_message'),
(899, 8, NULL, 'new_message'),
(900, 8, NULL, 'new_message'),
(901, 8, NULL, 'new_message'),
(902, 8, NULL, 'new_message'),
(903, 8, NULL, 'new_message'),
(904, 8, NULL, 'new_message'),
(905, 8, NULL, 'new_message'),
(906, 8, NULL, 'new_message'),
(907, 8, NULL, 'new_message'),
(908, 8, NULL, 'new_message'),
(909, 8, NULL, 'new_message'),
(910, 8, NULL, 'new_message'),
(911, 8, NULL, 'new_message'),
(912, 8, NULL, 'new_message'),
(913, 9, NULL, 'new_message'),
(914, 9, NULL, 'new_message'),
(915, 9, NULL, 'new_message'),
(916, 9, NULL, 'new_message'),
(917, 9, NULL, 'new_message'),
(918, 9, NULL, 'new_message'),
(919, 9, NULL, 'new_message'),
(920, 9, NULL, 'new_message'),
(921, 9, NULL, 'new_message'),
(922, 9, NULL, 'new_message'),
(923, 9, NULL, 'new_message'),
(924, 9, NULL, 'new_message'),
(925, 9, NULL, 'new_message'),
(926, 9, NULL, 'new_message'),
(927, 9, NULL, 'new_message'),
(928, 9, NULL, 'new_message'),
(929, 9, NULL, 'new_message'),
(930, 9, NULL, 'new_message'),
(931, 9, NULL, 'new_message'),
(932, 9, NULL, 'new_message'),
(933, 9, NULL, 'new_message'),
(934, 9, NULL, 'new_message'),
(935, 9, NULL, 'new_message'),
(936, 9, NULL, 'new_message'),
(937, 9, NULL, 'new_message'),
(938, 9, NULL, 'new_message'),
(939, 9, NULL, 'new_message'),
(940, 9, NULL, 'new_message'),
(941, 9, NULL, 'new_message'),
(942, 9, NULL, 'new_message'),
(943, 9, NULL, 'new_message'),
(944, 9, NULL, 'new_message'),
(945, 10, NULL, 'new_message'),
(946, 10, NULL, 'new_message'),
(947, 10, NULL, 'new_message'),
(948, 10, NULL, 'new_message'),
(949, 10, NULL, 'new_message'),
(950, 10, NULL, 'new_message'),
(951, 10, NULL, 'new_message'),
(952, 10, NULL, 'new_message'),
(953, 10, NULL, 'new_message'),
(954, 10, NULL, 'new_message'),
(955, 10, NULL, 'new_message'),
(956, 10, NULL, 'new_message'),
(957, 10, NULL, 'new_message'),
(958, 10, NULL, 'new_message'),
(959, 10, NULL, 'new_message'),
(960, 10, NULL, 'new_message'),
(961, 10, NULL, 'new_message'),
(962, 10, NULL, 'new_message'),
(963, 10, NULL, 'new_message'),
(964, 10, NULL, 'new_message'),
(965, 11, NULL, 'new_message'),
(966, 11, NULL, 'new_message'),
(967, 11, NULL, 'new_message'),
(968, 11, NULL, 'new_message'),
(969, 11, NULL, 'new_message'),
(970, 11, NULL, 'new_message'),
(971, 11, NULL, 'new_message'),
(972, 11, NULL, 'new_message'),
(973, 11, NULL, 'new_message'),
(974, 11, NULL, 'new_message'),
(975, 11, NULL, 'new_message'),
(976, 11, NULL, 'new_message'),
(977, 11, NULL, 'new_message'),
(978, 11, NULL, 'new_message'),
(979, 11, NULL, 'new_message'),
(980, 11, NULL, 'new_message'),
(981, 11, NULL, 'new_message'),
(982, 11, NULL, 'new_message'),
(983, 11, NULL, 'new_message'),
(984, 11, NULL, 'new_message'),
(985, 11, NULL, 'new_message'),
(986, 11, NULL, 'new_message'),
(987, 11, NULL, 'new_message'),
(988, 11, NULL, 'new_message'),
(989, 11, NULL, 'new_message'),
(990, 11, NULL, 'new_message'),
(991, 11, NULL, 'new_message'),
(992, 11, NULL, 'new_message'),
(993, 11, NULL, 'new_message'),
(994, 11, NULL, 'new_message'),
(995, 11, NULL, 'new_message'),
(996, 11, NULL, 'new_message'),
(997, 11, NULL, 'new_message'),
(998, 11, NULL, 'new_message'),
(999, 11, NULL, 'new_message'),
(1000, 11, NULL, 'new_message'),
(1001, 11, NULL, 'new_message'),
(1002, 11, NULL, 'new_message'),
(1003, 11, NULL, 'new_message'),
(1004, 11, NULL, 'new_message'),
(1005, 12, NULL, 'new_message'),
(1006, 12, NULL, 'new_message'),
(1007, 12, NULL, 'new_message'),
(1008, 12, NULL, 'new_message'),
(1009, 12, NULL, 'new_message'),
(1010, 12, NULL, 'new_message'),
(1011, 12, NULL, 'new_message'),
(1012, 12, NULL, 'new_message'),
(1013, 12, NULL, 'new_message'),
(1014, 12, NULL, 'new_message'),
(1015, 12, NULL, 'new_message'),
(1016, 12, NULL, 'new_message'),
(1017, 12, NULL, 'new_message'),
(1018, 12, NULL, 'new_message'),
(1019, 12, NULL, 'new_message'),
(1020, 12, NULL, 'new_message'),
(1021, 12, NULL, 'new_message'),
(1022, 12, NULL, 'new_message'),
(1023, 12, NULL, 'new_message'),
(1024, 12, NULL, 'new_message'),
(1025, 13, NULL, 'new_message'),
(1026, 13, NULL, 'new_message'),
(1027, 13, NULL, 'new_message'),
(1028, 13, NULL, 'new_message'),
(1029, 13, NULL, 'new_message'),
(1030, 13, NULL, 'new_message'),
(1031, 13, NULL, 'new_message'),
(1032, 13, NULL, 'new_message'),
(1033, 13, NULL, 'new_message'),
(1034, 13, NULL, 'new_message'),
(1035, 13, NULL, 'new_message'),
(1036, 13, NULL, 'new_message'),
(1037, 13, NULL, 'new_message'),
(1038, 13, NULL, 'new_message'),
(1039, 13, NULL, 'new_message'),
(1040, 13, NULL, 'new_message'),
(1041, 13, NULL, 'new_message'),
(1042, 13, NULL, 'new_message'),
(1043, 13, NULL, 'new_message'),
(1044, 13, NULL, 'new_message'),
(1045, 13, NULL, 'new_message'),
(1046, 13, NULL, 'new_message'),
(1047, 13, NULL, 'new_message'),
(1048, 13, NULL, 'new_message'),
(1049, 13, NULL, 'new_message'),
(1050, 13, NULL, 'new_message'),
(1051, 13, NULL, 'new_message'),
(1052, 13, NULL, 'new_message'),
(1053, 13, NULL, 'new_message'),
(1054, 13, NULL, 'new_message'),
(1055, 13, NULL, 'new_message'),
(1056, 13, NULL, 'new_message'),
(1057, 13, NULL, 'new_message'),
(1058, 13, NULL, 'new_message'),
(1059, 13, NULL, 'new_message'),
(1060, 14, NULL, 'new_message'),
(1061, 14, NULL, 'new_message'),
(1062, 14, NULL, 'new_message'),
(1063, 14, NULL, 'new_message'),
(1064, 14, NULL, 'new_message'),
(1065, 14, NULL, 'new_message'),
(1066, 14, NULL, 'new_message'),
(1067, 14, NULL, 'new_message'),
(1068, 14, NULL, 'new_message'),
(1069, 14, NULL, 'new_message'),
(1070, 14, NULL, 'new_message'),
(1071, 14, NULL, 'new_message'),
(1072, 14, NULL, 'new_message'),
(1073, 14, NULL, 'new_message'),
(1074, 14, NULL, 'new_message'),
(1075, 14, NULL, 'new_message'),
(1076, 14, NULL, 'new_message'),
(1077, 14, NULL, 'new_message'),
(1078, 14, NULL, 'new_message'),
(1079, 14, NULL, 'new_message'),
(1080, 14, NULL, 'new_message'),
(1081, 14, NULL, 'new_message'),
(1082, 14, NULL, 'new_message'),
(1083, 14, NULL, 'new_message'),
(1084, 14, NULL, 'new_message'),
(1085, 14, NULL, 'new_message'),
(1086, 14, NULL, 'new_message'),
(1087, 14, NULL, 'new_message'),
(1088, 14, NULL, 'new_message'),
(1089, 14, NULL, 'new_message'),
(1090, 15, NULL, 'new_message'),
(1091, 15, NULL, 'new_message'),
(1092, 15, NULL, 'new_message'),
(1093, 15, NULL, 'new_message'),
(1094, 15, NULL, 'new_message'),
(1095, 15, NULL, 'new_message'),
(1096, 15, NULL, 'new_message'),
(1097, 15, NULL, 'new_message'),
(1098, 15, NULL, 'new_message'),
(1099, 15, NULL, 'new_message'),
(1100, 15, NULL, 'new_message'),
(1101, 15, NULL, 'new_message'),
(1102, 15, NULL, 'new_message'),
(1103, 15, NULL, 'new_message'),
(1104, 15, NULL, 'new_message'),
(1105, 15, NULL, 'new_message'),
(1106, 15, NULL, 'new_message'),
(1107, 15, NULL, 'new_message'),
(1108, 15, NULL, 'new_message'),
(1109, 15, NULL, 'new_message'),
(1110, 15, NULL, 'new_message'),
(1111, 15, NULL, 'new_message'),
(1112, 15, NULL, 'new_message'),
(1113, 15, NULL, 'new_message'),
(1114, 15, NULL, 'new_message'),
(1115, 15, NULL, 'new_message'),
(1116, 15, NULL, 'new_message'),
(1117, 15, NULL, 'new_message'),
(1118, 15, NULL, 'new_message'),
(1119, 15, NULL, 'new_message'),
(1120, 15, NULL, 'new_message'),
(1121, 15, NULL, 'new_message'),
(1122, 15, NULL, 'new_message'),
(1123, 15, NULL, 'new_message'),
(1124, 15, NULL, 'new_message'),
(1125, 16, NULL, 'new_message'),
(1126, 16, NULL, 'new_message'),
(1127, 16, NULL, 'new_message'),
(1128, 16, NULL, 'new_message'),
(1129, 16, NULL, 'new_message'),
(1130, 16, NULL, 'new_message'),
(1131, 16, NULL, 'new_message'),
(1132, 16, NULL, 'new_message'),
(1133, 16, NULL, 'new_message'),
(1134, 16, NULL, 'new_message'),
(1135, 16, NULL, 'new_message'),
(1136, 16, NULL, 'new_message'),
(1137, 16, NULL, 'new_message'),
(1138, 16, NULL, 'new_message'),
(1139, 16, NULL, 'new_message'),
(1140, 16, NULL, 'new_message'),
(1141, 16, NULL, 'new_message'),
(1142, 16, NULL, 'new_message'),
(1143, 16, NULL, 'new_message'),
(1144, 16, NULL, 'new_message'),
(1145, 16, NULL, 'new_message'),
(1146, 16, NULL, 'new_message'),
(1147, 16, NULL, 'new_message'),
(1148, 16, NULL, 'new_message'),
(1149, 17, NULL, 'new_message'),
(1150, 17, NULL, 'new_message'),
(1151, 17, NULL, 'new_message'),
(1152, 17, NULL, 'new_message'),
(1153, 17, NULL, 'new_message'),
(1154, 17, NULL, 'new_message'),
(1155, 17, NULL, 'new_message'),
(1156, 17, NULL, 'new_message'),
(1157, 17, NULL, 'new_message'),
(1158, 17, NULL, 'new_message'),
(1159, 17, NULL, 'new_message'),
(1160, 17, NULL, 'new_message'),
(1161, 17, NULL, 'new_message'),
(1162, 17, NULL, 'new_message'),
(1163, 17, NULL, 'new_message'),
(1164, 17, NULL, 'new_message'),
(1165, 17, NULL, 'new_message'),
(1166, 17, NULL, 'new_message'),
(1167, 17, NULL, 'new_message'),
(1168, 17, NULL, 'new_message'),
(1169, 17, NULL, 'new_message'),
(1170, 17, NULL, 'new_message'),
(1171, 17, NULL, 'new_message'),
(1172, 17, NULL, 'new_message'),
(1173, 18, NULL, 'new_message'),
(1174, 18, NULL, 'new_message'),
(1175, 18, NULL, 'new_message'),
(1176, 18, NULL, 'new_message'),
(1177, 18, NULL, 'new_message'),
(1178, 18, NULL, 'new_message'),
(1179, 18, NULL, 'new_message'),
(1180, 18, NULL, 'new_message'),
(1181, 18, NULL, 'new_message'),
(1182, 18, NULL, 'new_message'),
(1183, 18, NULL, 'new_message'),
(1184, 18, NULL, 'new_message'),
(1185, 18, NULL, 'new_message'),
(1186, 18, NULL, 'new_message'),
(1187, 18, NULL, 'new_message'),
(1188, 18, NULL, 'new_message'),
(1189, 18, NULL, 'new_message'),
(1190, 18, NULL, 'new_message'),
(1191, 18, NULL, 'new_message'),
(1192, 18, NULL, 'new_message'),
(1193, 18, NULL, 'new_message'),
(1194, 18, NULL, 'new_message'),
(1195, 18, NULL, 'new_message'),
(1196, 18, NULL, 'new_message'),
(1197, 18, NULL, 'new_message'),
(1198, 18, NULL, 'new_message'),
(1199, 18, NULL, 'new_message'),
(1200, 18, NULL, 'new_message'),
(1201, 19, NULL, 'new_message'),
(1202, 19, NULL, 'new_message'),
(1203, 19, NULL, 'new_message'),
(1204, 19, NULL, 'new_message'),
(1205, 19, NULL, 'new_message'),
(1206, 19, NULL, 'new_message'),
(1207, 19, NULL, 'new_message'),
(1208, 19, NULL, 'new_message'),
(1209, 19, NULL, 'new_message'),
(1210, 19, NULL, 'new_message'),
(1211, 19, NULL, 'new_message'),
(1212, 19, NULL, 'new_message'),
(1213, 19, NULL, 'new_message'),
(1214, 19, NULL, 'new_message'),
(1215, 19, NULL, 'new_message'),
(1216, 19, NULL, 'new_message'),
(1217, 19, NULL, 'new_message'),
(1218, 19, NULL, 'new_message'),
(1219, 19, NULL, 'new_message'),
(1220, 19, NULL, 'new_message'),
(1221, 19, NULL, 'new_message'),
(1222, 19, NULL, 'new_message'),
(1223, 19, NULL, 'new_message'),
(1224, 19, NULL, 'new_message'),
(1225, 20, NULL, 'new_message'),
(1226, 20, NULL, 'new_message'),
(1227, 20, NULL, 'new_message'),
(1228, 20, NULL, 'new_message'),
(1229, 20, NULL, 'new_message'),
(1230, 20, NULL, 'new_message'),
(1231, 20, NULL, 'new_message'),
(1232, 20, NULL, 'new_message'),
(1233, 20, NULL, 'new_message'),
(1234, 20, NULL, 'new_message'),
(1235, 20, NULL, 'new_message'),
(1236, 20, NULL, 'new_message'),
(1237, 20, NULL, 'new_message'),
(1238, 20, NULL, 'new_message'),
(1239, 20, NULL, 'new_message'),
(1240, 20, NULL, 'new_message'),
(1241, 20, NULL, 'new_message'),
(1242, 20, NULL, 'new_message'),
(1243, 20, NULL, 'new_message'),
(1244, 20, NULL, 'new_message'),
(1245, 20, NULL, 'new_message'),
(1246, 20, NULL, 'new_message'),
(1247, 20, NULL, 'new_message'),
(1248, 20, NULL, 'new_message'),
(1249, 20, NULL, 'new_message'),
(1250, 20, NULL, 'new_message'),
(1251, 20, NULL, 'new_message'),
(1252, 20, NULL, 'new_message'),
(1253, 20, NULL, 'new_message'),
(1254, 21, NULL, 'new_message'),
(1255, 21, NULL, 'new_message'),
(1256, 21, NULL, 'new_message'),
(1257, 21, NULL, 'new_message'),
(1258, 21, NULL, 'new_message'),
(1259, 21, NULL, 'new_message'),
(1260, 21, NULL, 'new_message'),
(1261, 21, NULL, 'new_message'),
(1262, 21, NULL, 'new_message'),
(1263, 21, NULL, 'new_message'),
(1264, 21, NULL, 'new_message'),
(1265, 21, NULL, 'new_message'),
(1266, 21, NULL, 'new_message'),
(1267, 21, NULL, 'new_message'),
(1268, 21, NULL, 'new_message'),
(1269, 21, NULL, 'new_message'),
(1270, 21, NULL, 'new_message'),
(1271, 21, NULL, 'new_message'),
(1272, 21, NULL, 'new_message'),
(1273, 21, NULL, 'new_message'),
(1274, 21, NULL, 'new_message'),
(1275, 21, NULL, 'new_message'),
(1276, 21, NULL, 'new_message'),
(1277, 21, NULL, 'new_message'),
(1278, 22, NULL, 'new_message'),
(1279, 22, NULL, 'new_message'),
(1280, 22, NULL, 'new_message'),
(1281, 22, NULL, 'new_message'),
(1282, 22, NULL, 'new_message'),
(1283, 22, NULL, 'new_message'),
(1284, 22, NULL, 'new_message'),
(1285, 22, NULL, 'new_message'),
(1286, 22, NULL, 'new_message'),
(1287, 22, NULL, 'new_message'),
(1288, 22, NULL, 'new_message'),
(1289, 22, NULL, 'new_message'),
(1290, 22, NULL, 'new_message'),
(1291, 22, NULL, 'new_message'),
(1292, 22, NULL, 'new_message'),
(1293, 22, NULL, 'new_message'),
(1294, 22, NULL, 'new_message'),
(1295, 22, NULL, 'new_message'),
(1296, 22, NULL, 'new_message'),
(1297, 22, NULL, 'new_message'),
(1298, 22, NULL, 'new_message'),
(1299, 22, NULL, 'new_message'),
(1300, 22, NULL, 'new_message'),
(1301, 22, NULL, 'new_message'),
(1302, 22, NULL, 'new_message'),
(1303, 22, NULL, 'new_message'),
(1304, 23, NULL, 'new_message'),
(1305, 23, NULL, 'new_message'),
(1306, 23, NULL, 'new_message'),
(1307, 23, NULL, 'new_message'),
(1308, 23, NULL, 'new_message'),
(1309, 23, NULL, 'new_message'),
(1310, 23, NULL, 'new_message'),
(1311, 23, NULL, 'new_message'),
(1312, 23, NULL, 'new_message'),
(1313, 23, NULL, 'new_message'),
(1314, 23, NULL, 'new_message'),
(1315, 23, NULL, 'new_message'),
(1316, 23, NULL, 'new_message'),
(1317, 23, NULL, 'new_message'),
(1318, 23, NULL, 'new_message'),
(1319, 23, NULL, 'new_message'),
(1320, 23, NULL, 'new_message'),
(1321, 23, NULL, 'new_message'),
(1322, 23, NULL, 'new_message'),
(1323, 23, NULL, 'new_message'),
(1324, 23, NULL, 'new_message'),
(1325, 23, NULL, 'new_message'),
(1326, 23, NULL, 'new_message'),
(1327, 23, NULL, 'new_message'),
(1328, 23, NULL, 'new_message'),
(1329, 23, NULL, 'new_message'),
(1330, 23, NULL, 'new_message'),
(1331, 23, NULL, 'new_message'),
(1332, 24, NULL, 'new_message'),
(1333, 24, NULL, 'new_message'),
(1334, 24, NULL, 'new_message'),
(1335, 24, NULL, 'new_message'),
(1336, 24, NULL, 'new_message'),
(1337, 24, NULL, 'new_message'),
(1338, 24, NULL, 'new_message'),
(1339, 24, NULL, 'new_message'),
(1340, 24, NULL, 'new_message'),
(1341, 24, NULL, 'new_message'),
(1342, 24, NULL, 'new_message'),
(1343, 24, NULL, 'new_message'),
(1344, 24, NULL, 'new_message'),
(1345, 24, NULL, 'new_message'),
(1346, 24, NULL, 'new_message'),
(1347, 24, NULL, 'new_message'),
(1348, 24, NULL, 'new_message'),
(1349, 24, NULL, 'new_message'),
(1350, 24, NULL, 'new_message'),
(1351, 24, NULL, 'new_message'),
(1352, 24, NULL, 'new_message'),
(1353, 24, NULL, 'new_message'),
(1354, 24, NULL, 'new_message'),
(1355, 24, NULL, 'new_message'),
(1356, 24, NULL, 'new_message'),
(1357, 24, NULL, 'new_message'),
(1358, 24, NULL, 'new_message'),
(1359, 24, NULL, 'new_message'),
(1360, 25, NULL, 'new_message'),
(1361, 25, NULL, 'new_message'),
(1362, 25, NULL, 'new_message'),
(1363, 25, NULL, 'new_message'),
(1364, 25, NULL, 'new_message'),
(1365, 25, NULL, 'new_message'),
(1366, 25, NULL, 'new_message'),
(1367, 25, NULL, 'new_message'),
(1368, 25, NULL, 'new_message'),
(1369, 25, NULL, 'new_message'),
(1370, 25, NULL, 'new_message'),
(1371, 25, NULL, 'new_message'),
(1372, 25, NULL, 'new_message'),
(1373, 25, NULL, 'new_message'),
(1374, 25, NULL, 'new_message'),
(1375, 25, NULL, 'new_message'),
(1376, 25, NULL, 'new_message'),
(1377, 25, NULL, 'new_message'),
(1378, 25, NULL, 'new_message'),
(1379, 25, NULL, 'new_message'),
(1380, 25, NULL, 'new_message'),
(1381, 25, NULL, 'new_message'),
(1382, 25, NULL, 'new_message'),
(1383, 26, NULL, 'new_message'),
(1384, 26, NULL, 'new_message'),
(1385, 26, NULL, 'new_message'),
(1386, 26, NULL, 'new_message'),
(1387, 26, NULL, 'new_message'),
(1388, 26, NULL, 'new_message'),
(1389, 26, NULL, 'new_message'),
(1390, 26, NULL, 'new_message'),
(1391, 26, NULL, 'new_message'),
(1392, 26, NULL, 'new_message'),
(1393, 26, NULL, 'new_message'),
(1394, 26, NULL, 'new_message'),
(1395, 26, NULL, 'new_message'),
(1396, 26, NULL, 'new_message'),
(1397, 26, NULL, 'new_message'),
(1398, 26, NULL, 'new_message'),
(1399, 26, NULL, 'new_message'),
(1400, 26, NULL, 'new_message'),
(1401, 26, NULL, 'new_message'),
(1402, 26, NULL, 'new_message'),
(1403, 26, NULL, 'new_message'),
(1404, 27, NULL, 'new_message'),
(1405, 27, NULL, 'new_message'),
(1406, 27, NULL, 'new_message'),
(1407, 27, NULL, 'new_message'),
(1408, 27, NULL, 'new_message'),
(1409, 27, NULL, 'new_message'),
(1410, 27, NULL, 'new_message'),
(1411, 27, NULL, 'new_message'),
(1412, 27, NULL, 'new_message'),
(1413, 27, NULL, 'new_message'),
(1414, 27, NULL, 'new_message'),
(1415, 27, NULL, 'new_message'),
(1416, 27, NULL, 'new_message'),
(1417, 27, NULL, 'new_message'),
(1418, 27, NULL, 'new_message'),
(1419, 27, NULL, 'new_message'),
(1420, 27, NULL, 'new_message'),
(1421, 27, NULL, 'new_message'),
(1422, 27, NULL, 'new_message'),
(1423, 27, NULL, 'new_message'),
(1424, 27, NULL, 'new_message'),
(1425, 27, NULL, 'new_message'),
(1426, 27, NULL, 'new_message'),
(1427, 27, NULL, 'new_message'),
(1428, 28, NULL, 'new_message'),
(1429, 28, NULL, 'new_message'),
(1430, 28, NULL, 'new_message'),
(1431, 28, NULL, 'new_message'),
(1432, 28, NULL, 'new_message'),
(1433, 28, NULL, 'new_message'),
(1434, 28, NULL, 'new_message'),
(1435, 28, NULL, 'new_message'),
(1436, 28, NULL, 'new_message'),
(1437, 28, NULL, 'new_message'),
(1438, 28, NULL, 'new_message'),
(1439, 28, NULL, 'new_message'),
(1440, 28, NULL, 'new_message'),
(1441, 28, NULL, 'new_message'),
(1442, 28, NULL, 'new_message'),
(1443, 28, NULL, 'new_message'),
(1444, 29, NULL, 'new_message'),
(1445, 29, NULL, 'new_message'),
(1446, 29, NULL, 'new_message'),
(1447, 29, NULL, 'new_message'),
(1448, 29, NULL, 'new_message'),
(1449, 29, NULL, 'new_message'),
(1450, 29, NULL, 'new_message'),
(1451, 29, NULL, 'new_message'),
(1452, 29, NULL, 'new_message'),
(1453, 29, NULL, 'new_message'),
(1454, 29, NULL, 'new_message'),
(1455, 29, NULL, 'new_message'),
(1456, 29, NULL, 'new_message'),
(1457, 29, NULL, 'new_message'),
(1458, 29, NULL, 'new_message'),
(1459, 29, NULL, 'new_message'),
(1460, 29, NULL, 'new_message'),
(1461, 29, NULL, 'new_message'),
(1462, 29, NULL, 'new_message'),
(1463, 29, NULL, 'new_message'),
(1464, 29, NULL, 'new_message'),
(1465, 29, NULL, 'new_message'),
(1466, 29, NULL, 'new_message'),
(1467, 29, NULL, 'new_message'),
(1468, 30, NULL, 'new_message'),
(1469, 30, NULL, 'new_message'),
(1470, 30, NULL, 'new_message'),
(1471, 30, NULL, 'new_message'),
(1472, 30, NULL, 'new_message'),
(1473, 30, NULL, 'new_message'),
(1474, 30, NULL, 'new_message'),
(1475, 30, NULL, 'new_message'),
(1476, 30, NULL, 'new_message'),
(1477, 30, NULL, 'new_message'),
(1478, 30, NULL, 'new_message'),
(1479, 30, NULL, 'new_message'),
(1480, 30, NULL, 'new_message'),
(1481, 30, NULL, 'new_message'),
(1482, 30, NULL, 'new_message'),
(1483, 30, NULL, 'new_message'),
(1484, 30, NULL, 'new_message'),
(1485, 30, NULL, 'new_message'),
(1486, 30, NULL, 'new_message'),
(1487, 30, NULL, 'new_message'),
(1488, 30, NULL, 'new_message'),
(1489, 30, NULL, 'new_message'),
(1490, 30, NULL, 'new_message'),
(1491, 30, NULL, 'new_message'),
(1492, 30, NULL, 'new_message'),
(1493, 30, NULL, 'new_message');
